SALE TYPE,SOLD DATE,PROPERTY TYPE,ADDRESS,CITY,STATE OR PROVINCE,ZIP OR POSTAL CODE,PRICE,BEDS,BATHS,LOCATION,SQUARE FEET,LOT SIZE,YEAR BUILT,DAYS ON MARKET,$/SQUARE FEET,HOA/MONTH,STATUS,NEXT OPEN HOUSE START TIME,NEXT OPEN HOUSE END TIME,URL (SEE https://www.redfin.com/buy-a-home/comparative-market-analysis FOR INFO ON PRICING),SOURCE,MLS#,FAVORITE,INTERESTED,LATITUDE,LONGITUDE
PAST SALE,,Single Family Residential,1999 Edmund Randolph Ct,Jacksonville,FL,32221,374990,4,2.5,LIBERTY SQUARE SOUTH,1973,,2021,5,190,45,Pending,,,https://www.redfin.com/FL/Jacksonville/1999-Edmund-Randolph-Ct-32221/home/178493063,NEFLMLS,1175122,N,Y,30.282108,-81.855415
MLS Listing,,Single Family Residential,1096 Willow Branch Ave,Jacksonville,FL,32205,380000,3,1.0,Ingleside Park,1343,,1939,17,283,,Contingent,,,https://www.redfin.com/FL/Jacksonville/1096-Willow-Branch-Ave-32205/home/72737073,NEFLMLS,1174215,N,Y,30.3099892,-81.7034414
MLS Listing,,Townhouse,6031 Bartram Village Dr,Jacksonville,FL,32258,350000,3,2.0,Villages Of Bartram,1846,,2011,15,190,117,Active,,,https://www.redfin.com/FL/Jacksonville/6031-Bartram-Village-Dr-32258/home/108812541,NEFLMLS,1173136,N,Y,30.105038,-81.503119
PAST SALE,November-3-1994,Single Family Residential,6805 Crane Ave,Jacksonville,FL,32216,200000,2,1.0,Silversmith,1136,,1949,23,176,,Pending,,,https://www.redfin.com/FL/Jacksonville/6805-Crane-Ave-32216/home/72762108,NEFLMLS,1171620,N,Y,30.3079173,-81.5884096
MLS Listing,,Single Family Residential,8313 Chason Rd East,Jacksonville,FL,32244,419000,4,3.0,Argyle/Chimney Lakes,2192,,1985,1,191,,Active,,,https://www.redfin.com/FL/Jacksonville/8313-Chason-Rd-E-32244/home/108879405,NEFLMLS,1177633,N,Y,30.1960151,-81.7882284
MLS Listing,,Townhouse,13075 Mandarin Point Ln,Jacksonville,FL,32223,449999,3,2.0,Mandarin Point,1681,,1978,1,268,,Active,,,https://www.redfin.com/FL/Jacksonville/13075-Mandarin-Point-Ln-32223/home/108851996,NEFLMLS,1177617,N,Y,30.1517239,-81.6673064
MLS Listing,,Vacant Land,0 Sedgwick Pl,Jacksonville,FL,32217,385000,,,Sedgwick Place,,,,1,,,Active,,,https://www.redfin.com/FL/JACKSONVILLE/SEDGWICK-PL-32217/home/62429996,NEFLMLS,1177604,N,Y,30.233616,-81.622229
MLS Listing,,Multi-Family (2-4 Unit),353 West 11th St,Jacksonville,FL,32206,499000,4,4.0,Springfield,3468,,1939,1,144,,Active,,,https://www.redfin.com/FL/Jacksonville/353-W-11th-St-32206/home/108790488,NEFLMLS,1177599,N,Y,30.3502134,-81.6597115
MLS Listing,,Single Family Residential,10292 Stonington Way,Jacksonville,FL,32221,225000,3,2.0,Brookshire,1828,,1990,1,123,10,Active,,,https://www.redfin.com/FL/Jacksonville/10292-Stonington-Way-32221/home/72814705,NEFLMLS,1177593,N,Y,30.2978407,-81.8277944
MLS Listing,,Single Family Residential,7142 Oakney Rd,Jacksonville,FL,32211,100000,3,2.0,Meadowbrook,1188,,1955,1,84,,Active,,,https://www.redfin.com/FL/Jacksonville/7142-Oakney-Rd-32211/home/72763125,NEFLMLS,1177592,N,Y,30.3417979,-81.5826271
MLS Listing,,Single Family Residential,6147 Temple Rd,Jacksonville,FL,32217,270000,2,1.0,Lakewood,1107,,1950,1,244,,Active,,,https://www.redfin.com/FL/Jacksonville/6147-Temple-Rd-32217/home/62446846,NEFLMLS,1176632,N,Y,30.2589882,-81.6347069
MLS Listing,,Single Family Residential,8508 Long Meadow Ct,Jacksonville,FL,32244,445000,4,2.5,Willow Greene,2224,,1989,1,200,,Active,,,https://www.redfin.com/FL/Jacksonville/8508-Long-Meadow-Ct-32244/home/72821986,NEFLMLS,1175465,N,Y,30.1936028,-81.7559065
MLS Listing,,Single Family Residential,5871 Ridgeway Rd East,Jacksonville,FL,32244,259900,3,2.0,Oak Hill Manor,1238,,1964,1,210,,Active,,,https://www.redfin.com/FL/Jacksonville/5871-Ridgeway-Rd-E-32244/home/62417292,NEFLMLS,1177587,N,Y,30.2421863,-81.7691339
MLS Listing,,Single Family Residential,4725 Roanoke Blvd,Jacksonville,FL,32208,149500,3,2.0,Sherwood Forest,1296,,1972,1,115,,Active,,,https://www.redfin.com/FL/Jacksonville/4725-Roanoke-Blvd-32208/home/58743222,NEFLMLS,1177585,N,Y,30.410426,-81.7223946
MLS Listing,,Single Family Residential,1550 Royal County Dr,Jacksonville,FL,32221,500000,4,2.0,Panther Creek,2192,,2003,1,228,25,Active,,,https://www.redfin.com/FL/Jacksonville/1550-Royal-County-Dr-32221/home/108806380,NEFLMLS,1177584,N,Y,30.2910457,-81.852979
MLS Listing,,Condo/Co-op,3620 Kirkpatrick Cir #9,Jacksonville,FL,32210,155000,3,2.0,Willow Ridge,1157,,2006,1,134,285,Active,,,https://www.redfin.com/FL/Jacksonville/3620-Kirkpatrick-Cir-32210/unit-9/home/62476411,NEFLMLS,1177583,N,Y,30.2682962,-81.7704029
MLS Listing,,Single Family Residential,4195 Cedar Point Rd,Jacksonville,FL,32226,114000,3,1.0,Oceanway,672,,1968,1,170,,Active,,,https://www.redfin.com/FL/Jacksonville/4195-Cedar-Point-Rd-32226/home/108862008,NEFLMLS,1177576,N,Y,30.465175,-81.5499619
MLS Listing,,Single Family Residential,1757 West 29th St,Jacksonville,FL,32209,50000,2,1.0,Royal Terrace,640,,1955,1,78,,Active,,,https://www.redfin.com/FL/Jacksonville/1757-W-29th-St-32209/home/72742180,NEFLMLS,1177572,N,Y,30.3622563,-81.6862155
MLS Listing,,Condo/Co-op,8550 Touchton Rd #2017,Jacksonville,FL,32216,259900,2,2.0,Montreux,1195,,2005,1,217,312,Active,,,https://www.redfin.com/FL/Jacksonville/8550-Touchton-Rd-32216/unit-2017/home/108866013,NEFLMLS,1177571,N,Y,30.2688608,-81.5636346
MLS Listing,,Single Family Residential,5336 Cruz Rd,Jacksonville,FL,32207,280000,4,2.0,Spring Glen,1536,,1926,1,182,,Active,,,https://www.redfin.com/FL/Jacksonville/5336-Cruz-Rd-32207/home/62463524,NEFLMLS,1177566,N,Y,30.2914707,-81.6101648
MLS Listing,,Townhouse,9939 Filament Blvd,Jacksonville,FL,32256,566990,4,3.0,EDISON EAST VILLAS,2479,,2022,1,229,158,Active,,,https://www.redfin.com/FL/Jacksonville/9939-Filament-Blvd-32256/home/180139196,NEFLMLS,1177565,N,Y,30.197347,-81.4980762
MLS Listing,,Single Family Residential,11205 Turnbridge Dr,Jacksonville,FL,32256,849999,5,3.5,James Island,3149,,2000,1,270,142,Active,,,https://www.redfin.com/FL/Jacksonville/11205-Turnbridge-Dr-32256/home/58730219,NEFLMLS,1177563,N,Y,30.2391214,-81.5254636
MLS Listing,,Townhouse,11083 Wandering Oaks Dr,JACKSONVILLE,FL,32257,273000,3,2.0,SOUTHERN VILLAS,1645,4180,1985,1,166,175,Active,,,https://www.redfin.com/FL/Jacksonville/11083-Wandering-Oaks-Dr-32257/home/72773988,Stellar MLS,O6037070,N,Y,30.1726797,-81.5965471
MLS Listing,,Single Family Residential,4454 Swilcan Bridge Ln North,Jacksonville,FL,32224,1900000,5,4.0,Glen Kernan,4310,,2001,1,441,483,Active,,,https://www.redfin.com/FL/Jacksonville/4454-Swilcan-Bridge-Ln-N-32224/home/102944576,NEFLMLS,1177558,N,Y,30.2649086,-81.4796672
MLS Listing,,Single Family Residential,12561 Bent Bay Trl,Jacksonville,FL,32224,475000,4,2.0,Ashton Hills,1855,,1997,1,256,18,Active,,,https://www.redfin.com/FL/Jacksonville/12561-Bent-Bay-Trl-32224/home/108864666,NEFLMLS,1177557,N,Y,30.2755385,-81.4921267
MLS Listing,,Townhouse,10335 Bigtree Ter,Jacksonville,FL,32257,315000,3,2.5,Townhomes Of Bigtree,1725,,1985,1,183,268,Active,,,https://www.redfin.com/FL/Jacksonville/10335-Big-Tree-Ter-32257/home/72773666,NEFLMLS,1177556,N,Y,30.190189,-81.62349
MLS Listing,,Condo/Co-op,10200 Belle Rive Blvd #21,Jacksonville,FL,32256,195000,1,1.0,The Landings At Belle Rive,770,,1985,1,253,191,Active,,,https://www.redfin.com/FL/Jacksonville/10200-Belle-Rive-Blvd-32256/unit-21/home/62468694,NEFLMLS,1177445,N,Y,30.2072804,-81.5436483
MLS Listing,,Single Family Residential,6910 Cartier Cir,Jacksonville,FL,32208,235000,3,1.5,Ribault Manor,1860,,1959,1,126,,Active,,,https://www.redfin.com/FL/Jacksonville/6910-Cartier-Cir-32208/home/72827404,NEFLMLS,1177549,N,Y,30.3942761,-81.7060179
MLS Listing,,Condo/Co-op,10200 Belle Rive Blvd #205,Jacksonville,FL,32256,199000,2,2.0,The Landings At Belle Rive,970,,1985,1,205,241,Active,,,https://www.redfin.com/FL/Jacksonville/10200-Belle-Rive-Blvd-32256/unit-205/home/62471053,NEFLMLS,1177551,N,Y,30.2072804,-81.5436483
MLS Listing,,Single Family Residential,4848 Plymouth St,Jacksonville,FL,32205,279000,3,2.0,Metes & Bounds,1345,,1942,1,207,,Active,,,https://www.redfin.com/FL/Jacksonville/4848-Plymouth-St-32205/home/81564535,NEFLMLS,1177545,N,Y,30.3029052,-81.7298335
MLS Listing,,Condo/Co-op,14402 Marina San Pablo Pl #202,Jacksonville,FL,32224,649000,2,2.5,Marina San Pablo,1727,,2006,1,376,1117,Active,,,https://www.redfin.com/FL/Jacksonville/14402-Marina-San-Pablo-Pl-32224/unit-202/home/62472296,NEFLMLS,1177543,N,Y,30.256453,-81.43183
MLS Listing,,Townhouse,15147 Venosa Cir,Jacksonville,FL,32258,415000,3,2.0,Montevilla,1623,,2019,1,256,285,Contingent,,,https://www.redfin.com/FL/Jacksonville/15147-Venosa-Cir-32258/home/166918546,NEFLMLS,1177541,N,Y,30.1091455,-81.5168125
MLS Listing,,Single Family Residential,2512 Ligustrum Rd,Jacksonville,FL,32211,327000,4,2.0,Arlington Hills,1752,,1955,1,187,,Active,,,https://www.redfin.com/FL/Jacksonville/2512-Ligustrum-Rd-32211/home/108859512,NEFLMLS,1177540,N,Y,30.3490987,-81.5876814
MLS Listing,,Mobile/Manufactured Home,345 Manson Ln,Jacksonville,FL,32220,150000,3,2.0,Warrington,1917,,1999,1,78,,Active,,,https://www.redfin.com/FL/Jacksonville/345-Manson-Ln-32220/home/108835862,NEFLMLS,1177531,N,Y,30.323692,-81.8019604
MLS Listing,,Single Family Residential,1109 Creeks Ridge Rd,Jacksonville,FL,32225,349900,3,2.0,Brookwood Forest,1264,,2000,1,277,13,Active,,,https://www.redfin.com/FL/Jacksonville/1109-Creeks-Ridge-Rd-32225/home/108462606,NEFLMLS,1177528,N,Y,30.3388119,-81.5295788
MLS Listing,,Condo/Co-op,1307 River Hills Cir East #9,Jacksonville,FL,32211,299900,0,2.5,River Hills Condo,1590,,1986,1,189,375,Active,,,https://www.redfin.com/FL/Jacksonville/1307-River-Hills-Cir-E-32211/unit-9/home/58759100,NEFLMLS,1177526,N,Y,30.3140093,-81.5962163
MLS Listing,,Multi-Family (2-4 Unit),1605 West 23rd St,Jacksonville,FL,32209,195900,6,2.0,Moncrief Park,1824,,1966,1,107,,Active,,,https://www.redfin.com/FL/Jacksonville/1605-W-23rd-St-32209/home/108791685,NEFLMLS,1177525,N,Y,30.358228,-81.683105
MLS Listing,,Single Family Residential,1656 West 31st St,Jacksonville,FL,32209,190000,3,2.0,Metes & Bounds,1934,,1965,1,98,,Active,,,https://www.redfin.com/FL/Jacksonville/1656-W-31st-St-32209/home/72742235,NEFLMLS,1177523,N,Y,30.3633044,-81.6845361
MLS Listing,,Single Family Residential,5311 Camille Ave,Jacksonville,FL,32210,269900,4,2.0,Lake Shore,1286,,1951,1,210,,Active,,,https://www.redfin.com/FL/Jacksonville/5311-Camille-Ave-32210/home/68278982,NEFLMLS,1177520,N,Y,30.2866693,-81.7369725
MLS Listing,,Single Family Residential,11442 Tori Ln,Jacksonville,FL,32218,410000,5,3.0,Victoria Pointe,2887,,2006,1,142,37,Active,,,https://www.redfin.com/FL/Jacksonville/11442-Tori-Ln-32218/home/108872705,NEFLMLS,1177514,N,Y,30.4434231,-81.6882259
MLS Listing,,Single Family Residential,10460 Keuka Dr,Jacksonville,FL,32218,163000,3,2.0,Highlands,941,,1954,1,173,,Active,,,https://www.redfin.com/FL/Jacksonville/10460-Keuka-Dr-32218/home/72729689,NEFLMLS,1177508,N,Y,30.4258287,-81.6695313
MLS Listing,,Single Family Residential,2751 College St,Jacksonville,FL,32205,425000,2,2.0,Avondale,1120,,1920,1,379,,Active,,,https://www.redfin.com/FL/Jacksonville/2751-College-St-32205/home/104026502,NEFLMLS,1177507,N,Y,30.3144867,-81.6973363
MLS Listing,,Condo/Co-op,5201 Atlantic Blvd #112,Jacksonville,FL,32207,160000,2,2.0,Colonial Point Condo,1130,,1971,1,142,358,Active,,,https://www.redfin.com/FL/Jacksonville/5201-Atlantic-Blvd-32207/unit-112/home/72759624,NEFLMLS,1177505,N,Y,30.3116974,-81.6107534
MLS Listing,,Single Family Residential,10142 Delpoint Ln,Jacksonville,FL,32246,825000,4,3.5,Old Mill Branch U 1,2955,,2005,1,279,117,Active,,,https://www.redfin.com/FL/Jacksonville/10142-Delpoint-Ln-32246/home/108870022,NEFLMLS,1177501,N,Y,30.261918,-81.5358582
PAST SALE,August-10-2018,Townhouse,283 Amber Ridge Rd #0,Jacksonville,FL,32218,329900,3,2.0,Cedar Bay Heights,2098,,2013,1,157,36,Pending,,,https://www.redfin.com/FL/Jacksonville/283-Amber-Ridge-Rd-32218/home/58742852,NEFLMLS,1177500,N,Y,30.4336976,-81.6354238
MLS Listing,,Single Family Residential,5531 Shady Pine St South,Jacksonville,FL,32244,290000,3,2.0,Ortega Park,1477,,2006,1,196,19,Active,,,https://www.redfin.com/FL/Jacksonville/5531-Shady-Pine-St-S-32244/home/58722564,NEFLMLS,1177496,N,Y,30.217476,-81.7262852
MLS Listing,,Single Family Residential,12358 Hindmarsh Cir,Jacksonville,FL,32225,495000,4,2.0,Waterleaf,1984,,2005,1,249,46,Active,,,https://www.redfin.com/FL/Jacksonville/12358-N-Hindmarsh-Cir-32225/home/108897012,NEFLMLS,1177490,N,Y,30.3432527,-81.4933919
MLS Listing,,Condo/Co-op,8230 Dames Point Crossing Blvd #502,Jacksonville,FL,32277,180000,2,2.5,Seasons @ Mill Cove,1100,,2001,1,164,263,Active,,,https://www.redfin.com/FL/Jacksonville/8230-Dames-Point-Crossing-Blvd-32277/unit-502/home/62474528,NEFLMLS,1177485,N,Y,30.3561057,-81.560131
MLS Listing,,Single Family Residential,13195 Holsinger Blvd,Jacksonville,FL,32256,449995,3,2.0,WELLS CREEK,1630,,2022,1,276,55,Active,,,https://www.redfin.com/FL/Jacksonville/13195-Holsinger-Blvd-32256/home/176585395,NEFLMLS,1177483,N,Y,30.1331126,-81.4856536
MLS Listing,,Townhouse,6935 Woody Vine Dr,Jacksonville,FL,32258,330000,3,2.0,Greenbrier At Bartram Park,1720,,2010,1,192,200,Active,,,https://www.redfin.com/FL/Jacksonville/6935-Woody-Vine-Dr-32258/home/64332445,NEFLMLS,1177478,N,Y,30.126649,-81.531771
MLS Listing,,Single Family Residential,13031 Normeds Rd,Jacksonville,FL,32223,1599000,5,6.5,Sarah Faulk Grant,5905,,1997,1,271,,Active,,,https://www.redfin.com/FL/Jacksonville/13031-Normeds-Rd-32223/home/72750201,NEFLMLS,1177477,N,Y,30.1532251,-81.6711138
MLS Listing,,Condo/Co-op,1732 El Camino Rd #3,Jacksonville,FL,32216,129900,2,2.0,Southbrook,992,,1967,1,131,300,Active,,,https://www.redfin.com/FL/Jacksonville/1732-El-Camino-Rd-32216/unit-3/home/108847583,NEFLMLS,1177476,N,Y,30.291085,-81.581102
MLS Listing,,Single Family Residential,12173 Tabby Ct,Jacksonville,FL,32218,345000,4,2.0,SUMMER WALK,1705,,2019,1,202,31,Active,,,https://www.redfin.com/FL/Jacksonville/12173-Tabby-Ct-32218/home/167180730,NEFLMLS,1177147,N,Y,30.4527353,-81.6861445
MLS Listing,,Condo/Co-op,7920 Merrill Rd #1001,Jacksonville,FL,32277,175000,3,2.0,Merrill Pines,1157,,2006,1,151,200,Active,,,https://www.redfin.com/FL/Jacksonville/7920-Merrill-Rd-32277/unit-1001/home/62473097,NEFLMLS,1176811,N,Y,30.351901,-81.5637975
MLS Listing,,Single Family Residential,4219 Stratford Way,Jacksonville,FL,32225,585000,4,4.0,Hidden Hills,2882,,1983,1,203,126,Active,,,https://www.redfin.com/FL/Jacksonville/4219-Stratford-Way-32225/home/108858875,NEFLMLS,1177365,N,Y,30.3745682,-81.5093973
MLS Listing,,Single Family Residential,13752 Night Hawk Ct,Jacksonville,FL,32224,549900,3,2.0,Osprey Pointe,1953,,1989,1,282,71,Active,,,https://www.redfin.com/FL/Jacksonville/13752-Night-Hawk-Ct-32224/home/108801757,NEFLMLS,1177033,N,Y,30.3085432,-81.4473185
MLS Listing,,Single Family Residential,110 Kiwi Palm Ct,Ponte Vedra,FL,32081,750000,4,2.0,PALMS AT NOCATEE NORTH,2274,,2016,1,330,67,Active,,,https://www.redfin.com/FL/PONTE-VEDRA-BEACH/110-KIWI-PALM-CT-32081/home/81564225,NEFLMLS,1176877,N,Y,30.12986,-81.438884
MLS Listing,,Townhouse,2231 Betsy Dr,Jacksonville,FL,32210,310000,3,2.0,Cedar Hills,1640,,1959,1,189,,Active,,,https://www.redfin.com/FL/Jacksonville/2231-Betsy-Dr-32210/home/72823529,NEFLMLS,1177078,N,Y,30.2768116,-81.749496
MLS Listing,,Condo/Co-op,4241 Migration Dr #2,Jacksonville,FL,32257,225000,3,2.0,Osprey Branch,1284,,2006,1,175,338,Contingent,,,https://www.redfin.com/FL/Jacksonville/4241-Migration-Dr-32257/unit-2/home/108871928,NEFLMLS,1176257,N,Y,30.208499,-81.6064395
MLS Listing,,Condo/Co-op,7801 Point Meadows Dr #3204,Jacksonville,FL,32256,265000,3,2.0,Point Meadows Place,1412,,2003,1,188,312,Active,,,https://www.redfin.com/FL/Jacksonville/7801-Point-Meadows-Dr-32256/unit-3204/home/58755966,NEFLMLS,1176103,N,Y,30.2330166,-81.518527
MLS Listing,,Condo/Co-op,3225 St Johns Ave Unit B,Jacksonville,FL,32205,400000,2,2.0,The Kahler,1385,,1936,1,289,357,Active,,,https://www.redfin.com/FL/Jacksonville/3225-St-Johns-Ave-32205/unit-B/home/108789768,NEFLMLS,1177034,N,Y,30.3006463,-81.6992795
MLS Listing,,Single Family Residential,6130 Firestone Rd,Jacksonville,FL,32244,575000,4,3.0,Jax Heights,3148,,1989,1,183,,Active,,,https://www.redfin.com/FL/Jacksonville/6130-Firestone-Rd-32244/home/89340892,NEFLMLS,1176341,N,Y,30.2383752,-81.7656055
MLS Listing,,Single Family Residential,9010 Commonwealth Ave,Jacksonville,FL,32220,399000,3,2.0,Whitehouse,1264,,1964,1,316,,Active,,,https://www.redfin.com/FL/Jacksonville/9010-Commonwealth-Ave-32220/home/108830253,NEFLMLS,1176569,N,Y,30.3438382,-81.8043796
MLS Listing,,Vacant Land,0 Hogan Rd,Jacksonville,FL,32216,250000,,,Tiger Hole,,,,1,,,Active,,,https://www.redfin.com/FL/JACKSONVILLE/HOGAN-RD-32216/home/72771181,NEFLMLS,1177475,N,Y,30.278868,-81.568464
MLS Listing,,Single Family Residential,8681 Mabel Dr,Jacksonville,FL,32256,635999,4,3.0,OLD STILL,2504,,2017,2,254,259,Active,,,https://www.redfin.com/FL/Jacksonville/8681-Mabel-Dr-32256/home/110306774,NEFLMLS,1177471,N,Y,30.219752,-81.5020972
MLS Listing,,Condo/Co-op,12301 Kernan Forest Blvd #606,Jacksonville,FL,32225,220000,2,2.0,Hammock Grove,1122,,2006,2,196,40,Active,,,https://www.redfin.com/FL/Jacksonville/12301-Kernan-Forest-Blvd-32225/unit-606/home/108829725,NEFLMLS,1176431,N,Y,30.3557061,-81.4882498
MLS Listing,,Single Family Residential,10234 Cypress Lakes Dr,Jacksonville,FL,32256,1069000,5,4.5,Deercreek Cc,4240,,1997,2,252,130,Active,,,https://www.redfin.com/FL/Jacksonville/10234-Cypress-Lakes-Dr-32256/home/62408660,NEFLMLS,1177467,N,Y,30.1780736,-81.5267496
MLS Listing,,Single Family Residential,6222 Kenny Rd,Jacksonville,FL,32254,249000,3,2.0,Pickettville,1495,,1970,2,167,,Active,,,https://www.redfin.com/FL/Jacksonville/6222-Kenny-Rd-32254/home/72811885,NEFLMLS,1177464,N,Y,30.3601781,-81.7535133
MLS Listing,,Single Family Residential,465 Aiken Rd,Jacksonville,FL,32216,230000,3,1.0,Glynlea Park,1344,,1949,2,171,,Active,,,https://www.redfin.com/FL/Jacksonville/465-Aiken-Rd-32216/home/108841231,NEFLMLS,1177465,N,Y,30.3062515,-81.5882383
PAST SALE,,Single Family Residential,269 Auburn Oaks Rd East,Jacksonville,FL,32218,334900,3,2.5,Cedar Bay Heights,2123,,2014,1,158,35,Pending,,,https://www.redfin.com/FL/Jacksonville/269-Auburn-Oaks-Rd-E-32218/home/108812622,NEFLMLS,1177462,N,Y,30.4328733,-81.6358091
MLS Listing,,Single Family Residential,1203 Grandview Dr,Jacksonville,FL,32211,730000,5,4.0,Alderman Park,3461,,1961,2,211,,Active,,,https://www.redfin.com/FL/Jacksonville/1203-Grandview-Dr-32211/home/108815425,NEFLMLS,1177461,N,Y,30.3347765,-81.5770584
MLS Listing,,Single Family Residential,4006 Ortega Forest Dr,Jacksonville,FL,32210,1725000,4,3.0,Ortega Forest,3356,,1962,2,514,,Active,,,https://www.redfin.com/FL/Jacksonville/4006-Ortega-Forest-Dr-32210/home/72748086,NEFLMLS,1177460,N,Y,30.2718981,-81.7156819
MLS Listing,,Single Family Residential,2414 Looking Glass Ln,Jacksonville,FL,32210,214900,3,1.0,Cedar Hills Estates,995,,1962,2,216,,Active,,,https://www.redfin.com/FL/Jacksonville/2414-Looking-Glass-Ln-32210/home/178426137,NEFLMLS,1177459,N,Y,30.274805,-81.7630856
MLS Listing,,Townhouse,2410 Bitternut Way,Jacksonville,FL,32246,249900,2,2.0,Pine Bluff,1073,,1987,2,233,45,Active,,,https://www.redfin.com/FL/Jacksonville/2410-Bitternut-Way-32246/home/108893625,NEFLMLS,1177458,N,Y,30.3071386,-81.5213033
MLS Listing,,Condo/Co-op,3700 Kirkpatrick Cir Unit 8-6,Jacksonville,FL,32210,145200,2,2.0,Willow Ridge,1118,,2008,2,130,285,Active,,,https://www.redfin.com/FL/Jacksonville/3700-Kirkpatrick-Cir-32210/unit-8-6/home/108812955,NEFLMLS,1177453,N,Y,30.2671809,-81.7681491
MLS Listing,,Single Family Residential,2136 Willesdon Dr East,Jacksonville,FL,32246,449900,5,2.0,Sutton Lakes,2075,,2003,2,217,30,Active,,,https://www.redfin.com/FL/Jacksonville/2136-Willesdon-Dr-E-32246/home/105445973,NEFLMLS,1177452,N,Y,30.3079786,-81.5071569
MLS Listing,,Single Family Residential,1446 Cassandra Dr,Jacksonville,FL,32217,395000,3,2.5,Sanchez Grant,1830,,1961,2,216,,Active,,,https://www.redfin.com/FL/Jacksonville/1446-Cassandra-Dr-32217/home/101770624,NEFLMLS,1177450,N,Y,30.2592599,-81.6456427
MLS Listing,,Single Family Residential,2712 Floradale Dr South,Jacksonville,FL,32209,139900,3,1.0,Floradale,1156,,1966,2,121,,Active,,,https://www.redfin.com/FL/Jacksonville/2712-Floradale-Dr-S-32209/home/108852456,NEFLMLS,1177449,N,Y,30.3766327,-81.7083698
MLS Listing,,Single Family Residential,8239 Nussbaum Dr,Jacksonville,FL,32210,239000,3,2.0,Jax Heights Township,1243,,2015,2,192,,Active,,,https://www.redfin.com/FL/Jacksonville/8239-Nussbaum-Dr-32210/home/72807544,NEFLMLS,1177448,N,Y,30.2532348,-81.787099
MLS Listing,,Townhouse,855 Observatory Pkwy,Jacksonville,FL,32218,254900,2,2.5,CAPITOL PARK EAST,1210,,2022,2,211,87,Active,,,https://www.redfin.com/FL/Jacksonville/855-Observatory-Pkwy-32218/home/175655239,NEFLMLS,1177447,N,Y,30.4743051,-81.606678
MLS Listing,,Townhouse,2540 Haywood Estates Ln,Jacksonville,FL,32233,275000,3,2.0,HAYWOOD ESTATES,1125,,2009,2,244,25,Active,,,https://www.redfin.com/FL/Jacksonville/2540-Haywood-Estates-Ln-32233/home/108776400,NEFLMLS,1176738,N,Y,30.3565574,-81.4153853
MLS Listing,,Single Family Residential,2845 Mandarin Meadows Dr North,Jacksonville,FL,32223,314900,3,3.0,Mandarin Meadows,1594,,1942,2,198,,Active,,,https://www.redfin.com/FL/Jacksonville/2845-Mandarin-Meadows-Dr-N-32223/home/72778092,NEFLMLS,1177444,N,Y,30.1445901,-81.6368792
MLS Listing,,Single Family Residential,11244 Bright Path Ct,Jacksonville,FL,32256,744967,4,3.0,ETOWN,2531,,2022,2,294,31,Active,,,https://www.redfin.com/FL/Jacksonville/11244-Pathway-Ct-32225/home/180103044,NEFLMLS,1177440,N,Y,30.195377,-81.509038
MLS Listing,,Single Family Residential,3754 Burnt Pine Dr,Jacksonville,FL,32224,980000,4,3.5,Crosswater,3503,,2016,2,280,63,Active,,,https://www.redfin.com/FL/Jacksonville/3754-Burnt-Pine-Dr-32224/home/72808942,NEFLMLS,1177438,N,Y,30.2765714,-81.44631
MLS Listing,,Single Family Residential,11233 Strategy Ct,Jacksonville,FL,32256,683257,3,2.0,ETOWN,2101,,2022,2,325,31,Active,,,https://www.redfin.com/FL/Jacksonville/11233-Strategy-CT-32256/home/180102620,NEFLMLS,1177436,N,Y,30.194601,-81.509406
MLS Listing,,Single Family Residential,10014 Invention Ln,Jacksonville,FL,32256,649490,4,3.0,ETOWN,2126,,2022,2,305,31,Active,,,https://www.redfin.com/FL/Jacksonville/10014-Invention-Ln-32256/home/180102329,NEFLMLS,1177433,N,Y,30.1969192,-81.5087085
MLS Listing,,Single Family Residential,10683 Talon Ct,Jacksonville,FL,32257,435000,3,2.0,Eaglewood,1667,,1989,2,261,,Active,,,https://www.redfin.com/FL/Jacksonville/10683-Talon-Ct-32257/home/108798519,NEFLMLS,1177430,N,Y,30.1814884,-81.6124342
MLS Listing,,Single Family Residential,4520 Blackburn St,Jacksonville,FL,32210,240000,2,1.0,Lakeside Park,1119,,1947,2,214,,Active,,,https://www.redfin.com/FL/Jacksonville/4520-Blackburn-St-32210/home/62421052,NEFLMLS,1177429,N,Y,30.2761878,-81.7226512
MLS Listing,,Single Family Residential,713 Westgate Dr,Jacksonville,FL,32221,287000,3,2.0,Westgate,1214,,1971,2,236,,Active,,,https://www.redfin.com/FL/Jacksonville/713-Westgate-Dr-32221/home/62440052,NEFLMLS,1177428,N,Y,30.3131633,-81.7732549
MLS Listing,,Condo/Co-op,6654 White Blossom Cir Unit 32A,Jacksonville,FL,32258,320000,2,2.0,Twinleaf At Bartram Park,1797,,2008,2,178,265,Active,,,https://www.redfin.com/FL/Jacksonville/6654-White-Blossom-Cir-32258/unit-32A/home/108309402,NEFLMLS,1177427,N,Y,30.126373,-81.5375679
MLS Listing,,Townhouse,5646 Pinebay Cir South,Jacksonville,FL,32244,201000,2,2.0,Whispering Pines,1210,,1988,2,166,83,Active,,,https://www.redfin.com/FL/Jacksonville/5646-Pinebay-Cir-S-32244/home/58749426,NEFLMLS,1177425,N,Y,30.1943295,-81.7255584
MLS Listing,,Vacant Land,1049 Nicholson Rd,Jacksonville,FL,32207,995000,,,St Nicholas Park,,,,2,,,Active,,,https://www.redfin.com/FL/Jacksonville/1049-Nicholson-Rd-32207/home/72764837,NEFLMLS,1177422,N,Y,30.3113997,-81.6370504
MLS Listing,,Single Family Residential,6349 Harlow Blvd,Jacksonville,FL,32210,293000,3,2.5,Cedar Hills Estates,2149,,1960,2,136,,Active,,,https://www.redfin.com/FL/Jacksonville/6349-Harlow-Blvd-32210/home/58748352,NEFLMLS,1177415,N,Y,30.2624487,-81.7470385
MLS Listing,,Single Family Residential,3549 Ernest St,Jacksonville,FL,32205,270000,2,1.0,Murray Hill,936,,1940,2,288,,Active,,,https://www.redfin.com/FL/Jacksonville/3549-Ernest-St-32205/home/108540042,NEFLMLS,1177414,N,Y,30.31778,-81.7153826
MLS Listing,,Condo/Co-op,14913 Venosa Cir,Jacksonville,FL,32258,659900,3,2.5,Montevilla,3324,,2014,2,199,285,Active,,,https://www.redfin.com/FL/Jacksonville/14913-Venosa-Cir-32258/home/108901793,NEFLMLS,1177413,N,Y,30.106914,-81.519155
MLS Listing,,Single Family Residential,7721 Greenwich Ct West,Jacksonville,FL,32277,290000,2,2.0,Arlington Hills,1027,,1992,2,282,23,Active,,,https://www.redfin.com/FL/Jacksonville/7721-Greenwich-Ct-W-32277/home/80153364,NEFLMLS,1177411,N,Y,30.3651255,-81.5714035
PAST SALE,July-12-2016,Condo/Co-op,5215 San Jose Blvd #101,Jacksonville,FL,32207,200000,2,2.0,Georgetown,1750,,1991,1,114,850,Pending,,,https://www.redfin.com/FL/Jacksonville/5215-San-Jose-Blvd-32207/unit-101/home/103701626,NEFLMLS,1177410,N,Y,30.265,-81.646107
MLS Listing,,Single Family Residential,7602 Ginger Tea Trl West,Jacksonville,FL,32244,315000,3,2.0,Argyle Forest,1224,,1997,2,257,20,Active,,,https://www.redfin.com/FL/Jacksonville/7602-Ginger-Tea-Trl-W-32244/home/108784094,NEFLMLS,1177409,N,Y,30.2084827,-81.7675295
MLS Listing,,Single Family Residential,1368 Cove Landing Dr,Jacksonville,FL,32233,389900,3,2.5,Cypress Cove,1373,,1989,2,284,,Active,,,https://www.redfin.com/FL/Jacksonville/1368-Cove-Landing-Dr-32233/home/108840093,NEFLMLS,1177407,N,Y,30.3477415,-81.4233699
MLS Listing,,Vacant Land,LOT 10 Smart Ave,Jacksonville,FL,32219,54733,,,Lincoln Villas,,,,2,,,Active,,,https://www.redfin.com/FL/Jacksonville/LOT-10-Smart-Ave-32219/home/180100107,NEFLMLS,1177405,N,Y,30.398846,-81.732984
MLS Listing,,Townhouse,14927 Bartram Village Ln,Jacksonville,FL,32258,350000,3,2.5,Bartram Springs,1846,,2012,2,190,116,Active,,,https://www.redfin.com/FL/Jacksonville/14927-Bartram-Village-Ln-32258/home/108829889,NEFLMLS,1177403,N,Y,30.105047,-81.50161
MLS Listing,,Single Family Residential,2347 Lake Shore Blvd Blvd,Jacksonville,FL,32210,275000,3,2.0,Lake Shore,1159,,1951,2,237,,Active,,,https://www.redfin.com/FL/Jacksonville/2347-Lake-Shore-Blvd-32210/home/72744912,NEFLMLS,1177401,N,Y,30.276547,-81.7339802
MLS Listing,,Single Family Residential,7025 Mayapple Rd,Jacksonville,FL,32211,299000,4,2.0,Arlington Hills,1350,,1957,2,221,,Active,,,https://www.redfin.com/FL/Jacksonville/7025-Mayapple-Rd-32211/home/108858555,NEFLMLS,1177396,N,Y,30.3481791,-81.5803568
MLS Listing,,Condo/Co-op,5615 San Juan Ave #409,Jacksonville,FL,32210,139000,2,2.0,Cedar Creek Landing,1115,,1987,2,125,324,Active,,,https://www.redfin.com/FL/Jacksonville/5615-San-Juan-Ave-32210/unit-409/home/62474076,NEFLMLS,1177394,N,Y,30.2826759,-81.7417538
MLS Listing,,Condo/Co-op,10550 Baymeadows Rd #705,Jacksonville,FL,32256,265000,3,2.0,The Overlook,1408,,2000,2,188,335,Active,,,https://www.redfin.com/FL/Jacksonville/10550-Baymeadows-Rd-32256/unit-705/home/72797820,NEFLMLS,1177391,N,Y,30.2133858,-81.5224217
MLS Listing,,Single Family Residential,2676 Ostia Cir,Jacksonville,FL,32246,877000,5,4.0,BELLA NIKA AT TAMAYA,2865,,2018,2,306,8,Active,,,https://www.redfin.com/FL/Jacksonville/2676-Ostia-Cir-32246/home/168058130,NEFLMLS,1176795,N,Y,30.300988,-81.4775132
MLS Listing,,Vacant Land,0 New Kings Rd,Jacksonville,FL,32209,30000,,,F Bagley Grant,,,,2,,,Active,,,https://www.redfin.com/FL/JACKSONVILLE/NEW-KINGS-RD-32209/home/72727261,NEFLMLS,1177389,N,Y,30.377003,-81.726393
MLS Listing,,Single Family Residential,9833 Elaine Rd,Jacksonville,FL,32246,230000,2,1.0,Southside Estates,928,,1951,2,248,,Active,,,https://www.redfin.com/FL/Jacksonville/9833-Elaine-Rd-32246/home/108857317,NEFLMLS,1177388,N,Y,30.2846444,-81.5549078
MLS Listing,,Condo/Co-op,9831 Del Webb Pkwy #2102,Jacksonville,FL,32256,430000,2,2.0,Sandpiper Village,2129,,2006,2,202,195,Active,,,https://www.redfin.com/FL/Jacksonville/9831-Del-Webb-Pkwy-32256/unit-2102/home/58757300,St. Augustine and St. Johns County Board of REALTORSÂ®,225120,N,Y,30.217228,-81.5046524
MLS Listing,,Single Family Residential,12776 Turtle Lake Ln,Jacksonville,FL,32246,415000,3,2.5,Indian Springs,1625,,1992,2,255,30,Active,,,https://www.redfin.com/FL/Jacksonville/12776-Turtle-Lake-Ln-32246/home/72784119,NEFLMLS,1177386,N,Y,30.3093483,-81.4692284
MLS Listing,,Single Family Residential,12615 Shady Creek Dr,Jacksonville,FL,32223,439900,3,2.0,Julington Landing,1777,,1979,2,248,,Active,,,https://www.redfin.com/FL/Jacksonville/12615-Shady-Creek-Dr-32223/home/62402355,NEFLMLS,1177081,N,Y,30.1412887,-81.6031208
MLS Listing,,Single Family Residential,11520 Dunforth Cove Dr,Jacksonville,FL,32218,385000,4,2.5,Howards Run,2386,,2015,2,161,44,Active,,,https://www.redfin.com/FL/Jacksonville/11520-Dunforth-Cove-Dr-32218/home/110307360,NEFLMLS,1177381,N,Y,30.4497808,-81.6055402
MLS Listing,,Single Family Residential,11940 Carson Lake Dr West,Jacksonville,FL,32221,299000,3,2.0,Adams Lake,1625,,2015,2,184,33,Active,,,https://www.redfin.com/FL/Jacksonville/11940-Carson-Lake-Dr-W-32221/home/77165868,NEFLMLS,1177383,N,Y,30.2725959,-81.864288
MLS Listing,,Single Family Residential,2407 Ridge Will Dr,Jacksonville,FL,32246,509900,4,2.0,Windsor Chase,2523,,2002,2,202,55,Active,,,https://www.redfin.com/FL/Jacksonville/2407-Ridge-Will-Dr-32246/home/62461103,NEFLMLS,1177378,N,Y,30.299275,-81.4926413
MLS Listing,,Single Family Residential,13771 Goodson Pl,Jacksonville,FL,32226,415000,4,2.5,Victoria Lakes,2410,,2009,2,172,38,Active,,,https://www.redfin.com/FL/Jacksonville/13771-Goodson-Pl-32226/home/62456875,NEFLMLS,1177373,N,Y,30.4847986,-81.5688758
MLS Listing,,Single Family Residential,1789 Helena St,Jacksonville,FL,32208,50000,2,1.0,Rutledges,1037,,1963,2,48,,Active,,,https://www.redfin.com/FL/Jacksonville/1789-Helena-St-32208/home/58726267,NEFLMLS,1177369,N,Y,30.3779025,-81.6840767
MLS Listing,,Single Family Residential,1128 Sebago Ave North,Atlantic Beach,FL,32233,340000,3,2.0,Oak Harbor,990,,1961,2,343,,Active,,,https://www.redfin.com/FL/Atlantic-Beach/1128-Sebago-Ave-N-32233/home/108802995,NEFLMLS,1177367,N,Y,30.3615051,-81.4240137
MLS Listing,,Single Family Residential,13832 Admirals Bend Dr,Jacksonville,FL,32225,985000,4,4.5,QUEENS HARBOUR YACHT AND CC,4080,,1991,2,241,228,Active,,,https://www.redfin.com/FL/Jacksonville/13832-Admirals-Bend-Dr-32225/home/72785734,NEFLMLS,1177363,N,Y,30.3316795,-81.4439069
MLS Listing,,Multi-Family (2-4 Unit),831 Cedar St,Jacksonville,FL,32207,1200000,6,5.0,Palm Park,4152,,1937,2,289,,Active,,,https://www.redfin.com/FL/Jacksonville/831-Cedar-St-32207/home/58769552,NEFLMLS,1177361,N,Y,30.3107105,-81.6626426
MLS Listing,,Single Family Residential,723 Detroit St,Jacksonville,FL,32254,99000,2,1.0,Woodstock Park,1029,,1938,2,96,,Active,,,https://www.redfin.com/FL/Jacksonville/723-Detroit-St-32254/home/72735496,NEFLMLS,1177360,N,Y,30.331319,-81.7179908
MLS Listing,,Single Family Residential,4152 Trieste Pl,Jacksonville,FL,32244,350000,3,2.0,Venetia Manor,1322,,1952,2,265,,Active,,,https://www.redfin.com/FL/Jacksonville/4152-Trieste-Pl-32244/home/62418015,NEFLMLS,1177357,N,Y,30.2465514,-81.6918168
MLS Listing,,Single Family Residential,5159 Tan St,Jacksonville,FL,32258,280000,3,2.0,Del Rio,960,,1974,2,292,,Active,,,https://www.redfin.com/FL/Jacksonville/5159-Tan-St-32258/home/108832822,NEFLMLS,1177358,N,Y,30.1454556,-81.5721318
MLS Listing,,Single Family Residential,1725 East Rd,Jacksonville,FL,32216,195000,3,2.5,Ridgeland Gardens,2088,,1928,2,93,,Active,,,https://www.redfin.com/FL/Jacksonville/1725-E-Rd-32216/home/72760968,NEFLMLS,1177356,N,Y,30.2906077,-81.584192
MLS Listing,,Condo/Co-op,7990 Baymeadows Rd East #727,Jacksonville,FL,32256,200000,2,2.0,Horizons At Stonebridge Villag,1050,,2002,2,190,191,Active,,,https://www.redfin.com/FL/Jacksonville/7990-Baymeadows-Rd-E-32256/unit-727/home/108817392,NEFLMLS,1177355,N,Y,30.2283274,-81.5095779
MLS Listing,,Single Family Residential,5323 Stetson Rd,Jacksonville,FL,32207,275000,3,2.0,Lakewood,1623,,1949,2,169,,Active,,,https://www.redfin.com/FL/Jacksonville/5323-Stetson-Rd-32207/home/108815475,NEFLMLS,1177354,N,Y,30.2640346,-81.6392761
MLS Listing,,Single Family Residential,5555 Tampico Rd,Jacksonville,FL,32244,274999,3,2.0,Oak Hill,1305,,1961,2,211,,Active,,,https://www.redfin.com/FL/Jacksonville/5555-Tampico-Rd-32244/home/72745745,NEFLMLS,1177352,N,Y,30.2461086,-81.7561843
MLS Listing,,Single Family Residential,9250 Sharnbrook Ln,Jacksonville,FL,32244,365000,4,2.0,Watermill,2006,,2007,2,182,42,Active,,,https://www.redfin.com/FL/Jacksonville/9250-Sharnbrook-Ln-32244/home/62433039,NEFLMLS,1177349,N,Y,30.2026215,-81.8132773
MLS Listing,,Townhouse,15163 Venosa Cir,Jacksonville,FL,32258,449000,3,2.0,Montevilla,1886,,2019,2,238,285,Active,,,https://www.redfin.com/FL/Jacksonville/15163-Venosa-Cir-32258/home/170228900,NEFLMLS,1177345,N,Y,30.1092332,-81.5173114
MLS Listing,,Condo/Co-op,7820 Las Canas Ct,Jacksonville,FL,32256,280000,4,3.0,Los Lagos,2198,,1974,2,127,486,Active,,,https://www.redfin.com/FL/Jacksonville/7820-Las-Canas-Ct-32256/home/72766842,NEFLMLS,1177337,N,Y,30.2293811,-81.5655244
MLS Listing,,Single Family Residential,7259 Argyle Corners Dr,Jacksonville,FL,32244,319900,3,2.5,Argyle Corners,1778,,1990,2,180,,Active,,,https://www.redfin.com/FL/Jacksonville/7259-Argyle-Corners-Dr-32244/home/62415409,NEFLMLS,1177341,N,Y,30.1982959,-81.7635984
MLS Listing,,Condo/Co-op,5201 Atlantic Blvd #12,Jacksonville,FL,32207,175000,2,2.0,Colonial Point Condo,1450,,1971,2,121,508,Active,,,https://www.redfin.com/FL/Jacksonville/5201-Atlantic-Blvd-32207/unit-12/home/108822925,NEFLMLS,1177330,N,Y,30.3116974,-81.6107534
MLS Listing,,Single Family Residential,4512 French St,Jacksonville,FL,32205,389000,4,1.5,Murray Hill Heights,1492,,1929,2,261,,Active,,,https://www.redfin.com/FL/Jacksonville/4512-French-St-32205/home/62455015,NEFLMLS,1177328,N,Y,30.3103655,-81.7226084
MLS Listing,,Single Family Residential,1126 Odessa St,Jacksonville,FL,32206,164900,4,2.0,Oakland,1295,,1994,2,127,,Active,,,https://www.redfin.com/FL/Jacksonville/1126-Odessa-St-32206/home/108859750,NEFLMLS,1177327,N,Y,30.3326175,-81.6399717
MLS Listing,,Single Family Residential,10651 Indigo Hills Ln,Jacksonville,FL,32221,361000,3,2.0,Brandywine,1678,,2003,2,215,23,Active,,,https://www.redfin.com/FL/Jacksonville/10651-Indigo-Hills-Ln-32221/home/108839021,NEFLMLS,1177323,N,Y,30.2648712,-81.8326399
MLS Listing,,Condo/Co-op,791 Assisi Ln #1606,Jacksonville,FL,32233,197000,3,1.5,Deerfield Lakes,1074,,1987,2,183,231,Active,,,https://www.redfin.com/FL/Atlantic-Beach/791-Assisi-Ln-32233/unit-1606/home/108894109,NEFLMLS,1177321,N,Y,30.3538478,-81.4160732
MLS Listing,,Single Family Residential,3451 Newcastle Creek Dr,Jacksonville,FL,32277,350000,3,2.0,Ft Caroline Hills,1778,,1987,2,197,,Active,,,https://www.redfin.com/FL/Jacksonville/3451-Newcastle-Creek-Dr-32277/home/72754052,NEFLMLS,1177322,N,Y,30.3625764,-81.5805608
MLS Listing,,Single Family Residential,1415 Blackhawk Trl West,Jacksonville,FL,32225,431000,3,2.0,Blackhawk Bluff,1570,,1978,2,275,,Active,,,https://www.redfin.com/FL/Jacksonville/1415-Blackhawk-Trl-W-32225/home/72781309,NEFLMLS,1177320,N,Y,30.3500131,-81.4620787
MLS Listing,,Single Family Residential,7410 Jade Dr North,Jacksonville,FL,32210,220000,5,2.0,Melvin Park,1289,,1972,2,171,,Active,,,https://www.redfin.com/FL/Jacksonville/7410-Jade-Dr-N-32210/home/58721990,NEFLMLS,1176776,N,Y,30.2584718,-81.769495
MLS Listing,,Condo/Co-op,8539 Gate Pkwy #1514,Jacksonville,FL,32216,177500,1,1.0,Villa Medici,643,,2007,2,276,165,Active,,,https://www.redfin.com/FL/Jacksonville/8539-Gate-Pkwy-W-32216/unit-1514/home/108830041,NEFLMLS,1177318,N,Y,30.2545279,-81.5647627
MLS Listing,,Townhouse,10351 Bigtree Ln,Jacksonville,FL,32257,240000,2,2.5,Townhomes Of Bigtree,1424,,1983,2,169,268,Active,,,https://www.redfin.com/FL/Jacksonville/10351-Big-Tree-Ln-32257/home/72773222,NEFLMLS,1177319,N,Y,30.1899716,-81.62383
MLS Listing,,Vacant Land,11242 Earl Rd,Jacksonville,FL,32246,44900,,,Sunnydale Acres,,,,2,,,Active,,,https://www.redfin.com/FL/Jacksonville/11242-Earl-Rd-32246/home/180096104,NEFLMLS,1177317,N,Y,30.3022406,-81.5357539
MLS Listing,,Mobile/Manufactured Home,14054 Gossett St,Jacksonville,FL,32218,244000,4,2.0,Duval City,1456,,2020,2,168,,Active,,,https://www.redfin.com/FL/Jacksonville/14054-Gossett-St-32218/home/108844771,NEFLMLS,1177309,N,Y,30.491431,-81.6223322
MLS Listing,,Single Family Residential,4052 Mizner Ct,Jacksonville,FL,32217,489900,3,2.0,Mizner Court Manor,1815,,1997,2,270,260,Active,,,https://www.redfin.com/FL/Jacksonville/4052-Mizner-Ct-32217/home/108824224,NEFLMLS,1177308,N,Y,30.2267124,-81.610593
PAST SALE,,Single Family Residential,15661 Strawberry Roan Ct #1,Jacksonville,FL,32234,303990,3,2.0,Winchester Ridge,1655,,2021,1,184,5,Pending,,,https://www.redfin.com/FL/Jacksonville/15661-Strawberry-Roan-Ct-32234/unit-1/home/180095809,NEFLMLS,1177307,N,Y,30.2060177,-81.9643869
MLS Listing,,Single Family Residential,2102 Ernest St,Jacksonville,FL,32204,375000,2,2.0,Riverside,1403,,1926,2,267,,Active,,,https://www.redfin.com/FL/Jacksonville/2102-Ernest-St-32204/home/62401019,NEFLMLS,1177304,N,Y,30.3184358,-81.6848895
MLS Listing,,Townhouse,8075 Belsay Cir,Jacksonville,FL,32219,349900,4,2.0,Marieta/Whithse/Baldwin,2030,,2022,2,172,33,Active,,,https://www.redfin.com/FL/Jacksonville/8075-Belsay-Cir-32219/home/180095481,NEFLMLS,1177300,N,Y,30.4088336,-81.7864558
MLS Listing,,Townhouse,8023 Belsay Cir,Jacksonville,FL,32219,320900,3,2.0,Marieta/Whithse/Baldwin,1505,,2022,2,213,42,Active,,,https://www.redfin.com/FL/Jacksonville/8023-Belsay-Cir-32219/home/180095374,NEFLMLS,1177298,N,Y,30.4091884,-81.78647
MLS Listing,,Multi-Family (2-4 Unit),1203 Dorel St,Jacksonville,FL,32207,650000,4,2.0,Oklahoma,2386,,1951,2,272,,Active,,,https://www.redfin.com/FL/Jacksonville/1203-Dorel-St-32207/home/62455275,NEFLMLS,1177295,N,Y,30.311647,-81.658275
MLS Listing,,Single Family Residential,725 Greystone Ln,Orange Park,FL,32073,494900,4,3.5,Orange Park Cc,2962,,1997,2,167,92,Active,,,https://www.redfin.com/FL/Orange-Park/725-Greystone-Ln-32073/home/72713759,NEFLMLS,1177289,N,Y,30.1874695,-81.7733617
PAST SALE,,Townhouse,803 Gate Run Rd,Jacksonville,FL,32211,251890,3,2.5,Rivergate,1337,,2021,1,188,82,Pending,,,https://www.redfin.com/FL/Jacksonville/803-Gate-Run-Rd-32211/home/180095157,NEFLMLS,1177285,N,Y,30.3275693,-81.5669421
PAST SALE,,Townhouse,815 Gate Run Rd,Jacksonville,FL,32211,214990,2,2.5,Rivergate,1109,,2021,1,194,82,Pending,,,https://www.redfin.com/FL/Jacksonville/815-Gate-Run-Rd-32211/home/180095104,NEFLMLS,1177283,N,Y,30.3278161,-81.5669613
PAST SALE,,Townhouse,8242 Watercourse Way,Jacksonville,FL,32211,226990,2,2.5,Rivergate,1109,,2021,1,205,82,Pending,,,https://www.redfin.com/FL/Jacksonville/8242-Watercourse-Way-32211/home/180095028,NEFLMLS,1177278,N,Y,30.3275926,-81.5675125
PAST SALE,,Townhouse,8246 Watercourse Way,Jacksonville,FL,32211,227990,2,2.5,Rivergate,1109,,2021,1,206,82,Pending,,,https://www.redfin.com/FL/Jacksonville/8246-Watercourse-Way-32211/home/180094970,NEFLMLS,1177275,N,Y,30.3276059,-81.5674191
PAST SALE,,Townhouse,8252 Watercourse Way,Jacksonville,FL,32211,273990,3,2.5,Rivergate,1337,,2021,1,205,82,Pending,,,https://www.redfin.com/FL/Jacksonville/8252-Watercourse-Way-32211/home/180094888,NEFLMLS,1177273,N,Y,30.3276193,-81.5672792
PAST SALE,,Townhouse,8250 Watercourse Way,Jacksonville,FL,32211,227990,2,2.5,Rivergate,1109,,2021,1,206,82,Pending,,,https://www.redfin.com/FL/Jacksonville/8250-Watercourse-Way-32211/home/180094838,NEFLMLS,1177269,N,Y,30.3276159,-81.5673256
MLS Listing,,Single Family Residential,5331 Santa Rosa Way,Jacksonville,FL,32211,405000,3,2.5,Monterey,2544,,1960,2,159,,Active,,,https://www.redfin.com/FL/Jacksonville/5331-Santa-Rosa-Way-32211/home/79734938,NEFLMLS,1177267,N,Y,30.332646,-81.6085377
PAST SALE,,Townhouse,8244 Watercourse Way,Jacksonville,FL,32211,229990,2,2.5,Rivergate,1109,,2021,1,207,82,Pending,,,https://www.redfin.com/FL/Jacksonville/8244-Watercourse-Way-32211/home/180094768,NEFLMLS,1177265,N,Y,30.3276002,-81.5674663
PAST SALE,,Townhouse,8248 Watercourse Way,Jacksonville,FL,32211,229990,2,2.5,Rivergate,1109,,2021,1,207,82,Pending,,,https://www.redfin.com/FL/Jacksonville/8248-Watercourse-Way-32211/home/180094735,NEFLMLS,1177263,N,Y,30.3276076,-81.5673748
MLS Listing,,Single Family Residential,7641 Knoll Dr,Jacksonville,FL,32221,245000,3,2.0,Rolling Hills,1490,,1963,2,164,,Active,,,https://www.redfin.com/FL/Jacksonville/7641-Knoll-Dr-N-32221/home/72813931,NEFLMLS,1177258,N,Y,30.3061352,-81.7738957
MLS Listing,,Single Family Residential,8005 Belsay Cir,Jacksonville,FL,32219,320900,3,2.0,Marieta/Whithse/Baldwin,1505,,2022,2,213,42,Active,,,https://www.redfin.com/FL/Jacksonville/8005-Belsay-Cir-32219/home/180094489,NEFLMLS,1177252,N,Y,30.4091862,-81.7869408
MLS Listing,,Single Family Residential,12169 Orchid Ct,Jacksonville,FL,32218,375000,4,2.0,SUMMER WALK,1856,,2019,2,202,33,Active,,,https://www.redfin.com/FL/Jacksonville/12169-Orchid-Ct-32218/home/167156619,NEFLMLS,1177246,N,Y,30.4525535,-81.685268
MLS Listing,,Single Family Residential,7560 Ginger Tea Trl West,Jacksonville,FL,32244,245000,3,2.0,Cinnamon Lakes,1177,,1996,2,208,20,Active,,,https://www.redfin.com/FL/Jacksonville/7560-Ginger-Tea-Trl-W-32244/home/108819369,NEFLMLS,1177236,N,Y,30.2096413,-81.7674441
MLS Listing,,Condo/Co-op,8550 Touchton Rd #1328,Jacksonville,FL,32216,269000,3,2.0,Montreux,1435,,2005,2,187,374,Contingent,,,https://www.redfin.com/FL/Jacksonville/8550-Touchton-Rd-32216/unit-1328/home/62474346,NEFLMLS,1176612,N,Y,30.2688608,-81.5636346
MLS Listing,,Single Family Residential,6494 Rolling Tree St,Jacksonville,FL,32222,440000,4,2.0,Sandler Chase,2071,,2014,2,212,19,Active,,,https://www.redfin.com/FL/Jacksonville/6494-Rolling-Tree-St-32222/home/108840614,NEFLMLS,1177231,N,Y,30.2355745,-81.8122311
PAST SALE,,Townhouse,8320 Zenith Cir,Jacksonville,FL,32256,292890,3,2.5,EQUINOX EAST,1337,,2021,1,219,155,Pending,,,https://www.redfin.com/FL/Jacksonville/8320-Zenith-Cir-32256/home/180093661,NEFLMLS,1177223,N,Y,30.2460966,-81.5645002
PAST SALE,,Townhouse,8312 Zenith Cir,Jacksonville,FL,32256,259890,2,2.5,EQUINOX EAST,1109,,2021,1,234,155,Pending,,,https://www.redfin.com/FL/Jacksonville/8312-Zenith-Cir-32256/home/180093611,NEFLMLS,1177222,N,Y,30.2460967,-81.5646906
PAST SALE,,Townhouse,8310 Zenith Cir,Jacksonville,FL,32256,258890,2,2.5,EQUINOX EAST,1109,,2021,1,233,155,Pending,,,https://www.redfin.com/FL/Jacksonville/8310-Zenith-Cir-32256/home/180093530,NEFLMLS,1177221,N,Y,30.2460956,-81.5647372
MLS Listing,,Single Family Residential,5629 Temple Rd,Jacksonville,FL,32207,285000,3,2.0,Longwood,1410,,1950,2,202,,Contingent,,,https://www.redfin.com/FL/Jacksonville/5629-Temple-Rd-32207/home/62441828,NEFLMLS,1177214,N,Y,30.2620923,-81.6348091
PAST SALE,,Townhouse,8304 Zenith Cir,Jacksonville,FL,32256,302990,3,2.5,EQUINOX EAST,1337,,2022,1,227,155,Pending,,,https://www.redfin.com/FL/Jacksonville/8304-Zenith-Cir-32256/home/180093471,NEFLMLS,1177216,N,Y,30.2460967,-81.5648848
MLS Listing,,Single Family Residential,7488 Westland Oaks Dr,Jacksonville,FL,32244,375000,3,2.0,Westland Oaks,2188,,2013,2,171,,Active,,,https://www.redfin.com/FL/Jacksonville/7488-Westland-Oaks-Dr-32244/home/72807454,NEFLMLS,1177213,N,Y,30.2103247,-81.7527013
PAST SALE,,Townhouse,4946 Equinox St,Jacksonville,FL,32256,295990,3,2.5,EQUINOX EAST,1337,,2022,1,221,155,Pending,,,https://www.redfin.com/FL/Jacksonville/4946-Equinox-St-32256/home/180093421,NEFLMLS,1177211,N,Y,30.2463509,-81.5651875
PAST SALE,,Townhouse,4944 Equinox St,Jacksonville,FL,32256,263890,2,2.5,EQUINOX EAST,1109,,2021,1,238,155,Pending,,,https://www.redfin.com/FL/Jacksonville/4944-Equinox-St-32256/home/180093365,NEFLMLS,1177209,N,Y,30.2463922,-81.565183
MLS Listing,,Single Family Residential,7879 Pikes Peak Dr,Jacksonville,FL,32244,349000,3,2.0,Collins Ridge,1705,,1988,2,205,,Active,,,https://www.redfin.com/FL/Jacksonville/7879-Pikes-Peak-Dr-32244/home/58727201,NEFLMLS,1177208,N,Y,30.1972356,-81.7916243
PAST SALE,,Townhouse,4928 Earthshine Rd,Jacksonville,FL,32256,286990,2,2.5,EQUINOX EAST,1109,,2021,1,259,155,Pending,,,https://www.redfin.com/FL/Jacksonville/4928-Earthshine-Rd-32256/home/180093309,NEFLMLS,1177207,N,Y,30.2467593,-81.564303
PAST SALE,,Townhouse,4930 Earthshine Rd,Jacksonville,FL,32256,287990,2,2.5,EQUINOX EAST,1109,,2021,1,260,155,Pending,,,https://www.redfin.com/FL/Jacksonville/4930-Earthshine-Rd-32256/home/180093282,NEFLMLS,1177203,N,Y,30.2467181,-81.5642853
MLS Listing,,Single Family Residential,6306 Mercer Cir East,Jacksonville,FL,32217,320000,3,2.0,Lakewood,1880,,1952,2,170,,Active,,,https://www.redfin.com/FL/Jacksonville/6306-Mercer-Cir-E-32217/home/72765261,NEFLMLS,1177200,N,Y,30.2572355,-81.6326629
MLS Listing,,Single Family Residential,10025 Andean Fox Dr,Jacksonville,FL,32222,399000,4,2.0,Fox Creek,1856,,2019,2,215,62,Active,,,https://www.redfin.com/FL/Jacksonville/10025-Andean-Fox-Dr-32222/home/148486620,NEFLMLS,1177199,N,Y,30.1977523,-81.839278
MLS Listing,,Condo/Co-op,10200 Belle Rive Blvd #4702,Jacksonville,FL,32256,260000,2,2.5,The Landings At Belle Rive,1390,,2006,2,187,355,Active,,,https://www.redfin.com/FL/Jacksonville/10200-Belle-Rive-Blvd-32256/unit-4702/home/62471587,NEFLMLS,1177197,N,Y,30.2072804,-81.5436483
MLS Listing,,Townhouse,14017 Saddlehill Ct,Jacksonville,FL,32258,399900,3,2.5,Flagler Station,2341,,2008,2,171,279,Active,,,https://www.redfin.com/FL/Jacksonville/14017-Saddlehill-Ct-32258/home/62456445,NEFLMLS,1177195,N,Y,30.1276578,-81.5080145
MLS Listing,,Single Family Residential,8017 Belsay Cir,Jacksonville,FL,32219,328900,3,2.0,Marieta/Whithse/Baldwin,1780,,2022,2,185,42,Active,,,https://www.redfin.com/FL/Jacksonville/8017-Belsay-Cir-32219/home/180093128,NEFLMLS,1177193,N,Y,30.4091872,-81.7866151
MLS Listing,,Townhouse,3713 Casitas Dr,Jacksonville,FL,32224,535000,3,2.5,Vizcaya,2019,,2008,2,265,280,Active,,,https://www.redfin.com/FL/Jacksonville/3713-Casitas-Dr-32224/home/62411931,NEFLMLS,1177191,N,Y,30.2812464,-81.4612628
PAST SALE,,Townhouse,964 Observatory Pkwy,Jacksonville,FL,32218,234890,2,2.5,CAPITOL PARK EAST,1210,,2021,1,194,87,Pending,,,https://www.redfin.com/FL/Jacksonville/964-Observatory-Pkwy-32218/home/180092909,NEFLMLS,1177190,N,Y,30.4732337,-81.6053201
PAST SALE,,Townhouse,978 Observatory Pkwy,Jacksonville,FL,32218,266890,3,2.5,CAPITOL PARK EAST,1502,,2021,1,178,67,Pending,,,https://www.redfin.com/FL/Jacksonville/978-Observatory-Pkwy-32218/home/180092858,NEFLMLS,1177188,N,Y,30.4729707,-81.6055265
PAST SALE,,Townhouse,991 Observatory Pkwy,Jacksonville,FL,32218,283990,3,2.5,CAPITOL PARK EAST,1502,,2021,1,189,67,Pending,,,https://www.redfin.com/FL/Jacksonville/991-Observatory-Pkwy-32218/home/180092823,NEFLMLS,1177187,N,Y,30.4725511,-81.6051316
MLS Listing,,Single Family Residential,12035 Hidden Hills Dr South,Jacksonville,FL,32225,339900,3,2.5,Hidden Hills Springmoor,1944,,1978,2,175,126,Active,,,https://www.redfin.com/FL/Jacksonville/12035-Hidden-Hills-Dr-S-32225/home/72778963,NEFLMLS,1177186,N,Y,30.3770396,-81.5063422
MLS Listing,,Condo/Co-op,13832 Herons Landing Way Unit 14-6,Jacksonville,FL,32224,275000,3,2.0,Herons Landing,1473,,2007,2,187,375,Active,,,https://www.redfin.com/FL/Jacksonville/13832-Herons-Landing-Way-32224/unit-14-6/home/108872013,NEFLMLS,1177185,N,Y,30.2857128,-81.450687
PAST SALE,,Townhouse,987 Observatory Pkwy,Jacksonville,FL,32218,246890,2,2.5,CAPITOL PARK EAST,1210,,2021,1,204,87,Pending,,,https://www.redfin.com/FL/Jacksonville/987-Observatory-Pkwy-32218/home/180092761,NEFLMLS,1177184,N,Y,30.4726409,-81.6050886
MLS Listing,,Single Family Residential,12805 Oxford Crossing Dr,Jacksonville,FL,32224,990000,6,5.5,Highland Glen,4294,,2010,2,231,110,Active,,,https://www.redfin.com/FL/Jacksonville/12805-Oxford-Crossing-Dr-32224/home/58730659,NEFLMLS,1177183,N,Y,30.2841813,-81.4818845
MLS Listing,,Single Family Residential,12152 Cattail Ln,Jacksonville,FL,32223,725000,4,2.5,Cormorant Landing,3139,,1990,2,231,150,Active,,,https://www.redfin.com/FL/Jacksonville/12152-Cattail-Ln-32223/home/58717337,NEFLMLS,1177178,N,Y,30.1496362,-81.6187924
MLS Listing,,Single Family Residential,1161 Celebrant Dr,Jacksonville,FL,32225,475000,4,2.0,Trevor Green At Ster,1690,,1997,2,281,13,Active,,,https://www.redfin.com/FL/Jacksonville/1161-Celebrant-Dr-32225/home/58732715,NEFLMLS,1177175,N,Y,30.3454305,-81.4685569
MLS Listing,,Single Family Residential,1623 Parkwood St,Jacksonville,FL,32207,275000,3,2.0,South Riverside,1290,,1946,2,213,,Active,,,https://www.redfin.com/FL/Jacksonville/1623-Parkwood-St-32207/home/108837305,NEFLMLS,1177172,N,Y,30.2875622,-81.6468946
MLS Listing,,Single Family Residential,12375 Shore Acres Dr,Jacksonville,FL,32225,425000,3,2.0,Harbor Winds,1534,,1999,2,277,20,Active,,,https://www.redfin.com/FL/Jacksonville/12375-Shore-Acres-Dr-32225/home/108899527,NEFLMLS,1176880,N,Y,30.3391279,-81.4842995
MLS Listing,,Condo/Co-op,7701 Timberlin Park Blvd #1334,Jacksonville,FL,32256,155000,1,1.0,Villas Of Timberlin,665,,1997,2,233,146,Active,,,https://www.redfin.com/FL/Jacksonville/7701-Timberlin-Park-Blvd-32256/unit-1334/home/63065568,NEFLMLS,1177167,N,Y,30.1997901,-81.5438301
MLS Listing,,Single Family Residential,3267 Bridgecove Cir East,Jacksonville,FL,32216,399000,3,2.0,Hickory Glen,1611,,1991,2,248,13,Active,,,https://www.redfin.com/FL/Jacksonville/3267-Bridgecove-Cir-E-32216/home/72771592,NEFLMLS,1177164,N,Y,30.2651784,-81.5839121
MLS Listing,,Single Family Residential,10350 Birchfield Dr,Jacksonville,FL,32221,369900,4,2.0,Brookshire,1949,,1990,2,190,10,Active,,,https://www.redfin.com/FL/Jacksonville/10350-Birchfield-Dr-32221/home/72814681,NEFLMLS,1177162,N,Y,30.2988691,-81.829929
MLS Listing,,Single Family Residential,1628 North Laura St,Jacksonville,FL,32206,389900,3,2.5,Springfield,1890,,2001,2,206,,Active,,,https://www.redfin.com/FL/Jacksonville/1628-N-Laura-St-32206/home/58727210,NEFLMLS,1176954,N,Y,30.3438416,-81.6560421
MLS Listing,,Single Family Residential,14401 Garden Gate Dr,Jacksonville,FL,32258,445000,4,2.0,Bartram Park Preserve,1954,,2015,2,228,63,Active,,,https://www.redfin.com/FL/Jacksonville/14401-Garden-Gate-Dr-32258/home/72809635,NEFLMLS,1177160,N,Y,30.1171585,-81.5256779
MLS Listing,,Single Family Residential,8449 Branchwater Dr,Jacksonville,FL,32244,349900,4,2.0,Chimney Lakes,1873,,1992,2,187,37,Active,,,https://www.redfin.com/FL/Jacksonville/8449-Branchwater-Dr-32244/home/72821887,NEFLMLS,1177159,N,Y,30.1943927,-81.8069998
MLS Listing,,Single Family Residential,2178 Hudson Grv,Jacksonville,FL,32218,416900,3,2.0,HUDSON GROVE,1796,,2021,2,232,46,Active,,,https://www.redfin.com/FL/Jacksonville/2178-Hudson-St-32206/home/175166594,NEFLMLS,1177157,N,Y,30.467528,-81.597457
MLS Listing,,Single Family Residential,1125 Seattle Slew Ln,Jacksonville,FL,32218,400000,4,2.0,Saddlewood,2388,,2003,2,168,32,Active,,,https://www.redfin.com/FL/Jacksonville/1125-Seattle-Slew-Ln-32218/home/108838393,NEFLMLS,1177155,N,Y,30.47818,-81.5977463
MLS Listing,,Vacant Land,4143 Sunrise Cove Way,Jacksonville,FL,32250,625000,,,Isle Of Palms,,,,2,,83,Active,,,https://www.redfin.com/FL/Jacksonville/4143-Sunrise-Cove-Way-32250/home/176945758,NEFLMLS,1177152,N,Y,30.2699539,-81.4307601
MLS Listing,,Single Family Residential,12339 Shore Acres Dr,Jacksonville,FL,32225,445000,4,2.0,Harbor Winds,2134,,2000,2,209,20,Active,,,https://www.redfin.com/FL/Jacksonville/12339-Shore-Acres-Dr-32225/home/58721264,NEFLMLS,1177151,N,Y,30.3395639,-81.4855005
MLS Listing,,Single Family Residential,4689 Mill Station Pl,Jacksonville,FL,32257,395000,4,2.0,Mill Springs,1714,,1999,2,230,,Active,,,https://www.redfin.com/FL/Jacksonville/4689-Mill-Station-Pl-32257/home/108865456,NEFLMLS,1176258,N,Y,30.2106328,-81.5943629
MLS Listing,,Single Family Residential,13035 Bent Pine Ct,Jacksonville,FL,32246,447525,3,2.0,The Woods,1755,,1978,2,255,137,Active,,,https://www.redfin.com/FL/Jacksonville/13035-Bent-Pine-Ct-E-32246/home/58750701,NEFLMLS,1176368,N,Y,30.315903,-81.463397
MLS Listing,,Single Family Residential,13481 Long Cypress Trl,Jacksonville,FL,32223,649990,4,3.5,CYPRESS BAY COVE,2835,,2005,2,229,105,Active,,,https://www.redfin.com/FL/Jacksonville/13481-Long-Cypress-Trl-32223/home/108870914,NEFLMLS,1176712,N,Y,30.142757,-81.6636267
MLS Listing,,Single Family Residential,5432 Lori Dr South,Jacksonville,FL,32207,280000,3,2.0,Pine Ridge,1580,,1959,2,177,,Active,,,https://www.redfin.com/FL/Jacksonville/5432-Lori-Dr-S-32207/home/108795333,NEFLMLS,1176099,N,Y,30.2806247,-81.6112353
MLS Listing,,Condo/Co-op,7800 Point Meadows Dr #1027,Jacksonville,FL,32256,247500,2,2.0,Reserve At Pointe Meadows,1287,,2000,2,192,305,Active,,,https://www.redfin.com/FL/Jacksonville/7800-Point-Meadows-Dr-32256/unit-1027/home/108884771,NEFLMLS,1176869,N,Y,30.2321953,-81.5196129
MLS Listing,,Single Family Residential,2288 Brentfield Rd,Jacksonville,FL,32225,500000,4,2.0,Ridgefield,2064,,1996,2,242,10,Active,,,https://www.redfin.com/FL/Jacksonville/2288-Brentfield-Rd-W-32225/home/62452379,NEFLMLS,1176200,N,Y,30.3616865,-81.5186128
MLS Listing,,Single Family Residential,9715 Oxford Station Dr,Jacksonville,FL,32221,315000,4,2.0,Ashford,1696,,2000,2,186,13,Active,,,https://www.redfin.com/FL/Jacksonville/9715-Oxford-Station-Dr-32221/home/72795393,NEFLMLS,1176635,N,Y,30.3104902,-81.8225856
MLS Listing,,Condo/Co-op,13824 Herons Landing Way Unit 15-4,Jacksonville,FL,32224,299000,3,2.0,Herons Landing,1354,,2007,2,221,375,Active,,,https://www.redfin.com/FL/Jacksonville/13824-Herons-Landing-Way-32224/unit-15-4/home/108872516,NEFLMLS,1176936,N,Y,30.2856571,-81.4512019
MLS Listing,,Single Family Residential,1220 Hollywood Ave,Jacksonville,FL,32205,389000,2,2.0,Avondale,1428,,1926,2,272,,Active,,,https://www.redfin.com/FL/Jacksonville/1220-Hollywood-Ave-32205/home/108887967,NEFLMLS,1176594,N,Y,30.3082018,-81.7110638
MLS Listing,,Single Family Residential,9244 Bighorn Trl,Jacksonville,FL,32222,319900,3,2.0,SANDLER OAKS,1564,,2019,2,205,35,Active,,,https://www.redfin.com/FL/Jacksonville/9244-Bighorn-Trl-32222/home/170221711,NEFLMLS,1176559,N,Y,30.2318272,-81.8038609
MLS Listing,,Single Family Residential,5081 Ortega Forest Dr,Jacksonville,FL,32210,800000,4,3.5,Ortega Forest,2377,,1976,2,337,,Active,,,https://www.redfin.com/FL/Jacksonville/5081-Ortega-Forest-Dr-32210/home/108836113,NEFLMLS,1175690,N,Y,30.2526632,-81.7066166
MLS Listing,,Single Family Residential,18002 Brandy Branch Rd,Jacksonville,FL,32234,1400000,4,4.0,Baldwin,3692,,2009,2,379,,Active,,,https://www.redfin.com/FL/Jacksonville/18002-Brandy-Branch-Rd-32234/home/162391785,NEFLMLS,1176307,N,Y,30.289584,-82.005461
MLS Listing,,Single Family Residential,12170 Autumn Sunrise Dr,Jacksonville,FL,32246,589990,6,4.0,Hawkins Cove,3583,,2002,2,165,22,Active,,,https://www.redfin.com/FL/Jacksonville/12170-Autumn-Sunrise-Dr-32246/home/58737876,NEFLMLS,1176846,N,Y,30.3152679,-81.4954375
MLS Listing,,Single Family Residential,1318 West 13th St,Jacksonville,FL,32209,160000,3,2.0,Durkeeville,1544,,1949,2,104,,Active,,,https://www.redfin.com/FL/Jacksonville/1318-W-13th-St-32209/home/108788581,NEFLMLS,1176367,N,Y,30.3511659,-81.6763765
MLS Listing,,Single Family Residential,11607 Annie Mae Pl,Jacksonville,FL,32256,775000,4,3.5,OLD STILL,3425,,2016,2,226,259,Active,,,https://www.redfin.com/FL/JACKSONVILLE/11607-ANNIE-MAE-PL-32256/home/110307869,NEFLMLS,1176807,N,Y,30.222017,-81.504951
PAST SALE,February-21-2017,Single Family Residential,12617 Steeplechase Ln,Jacksonville,FL,32223,420000,3,2.0,Steeplechase,2026,,1988,2,207,,Pending,,,https://www.redfin.com/FL/Jacksonville/12617-Steeplechase-Ln-32223/home/58730473,NEFLMLS,1175016,N,Y,30.1423181,-81.5978748
MLS Listing,,Single Family Residential,4003 Jebb Island Cir West,Jacksonville,FL,32224,895000,4,3.0,Jax Golf & Cc,2582,,1992,2,347,137,Active,,,https://www.redfin.com/FL/Jacksonville/4003-Jebb-Island-Cir-W-32224/home/61534333,NEFLMLS,1175920,N,Y,30.2728955,-81.4827983
MLS Listing,,Single Family Residential,6110 Lynnwood Ave,Jacksonville,FL,32210,209999,3,1.0,Lynnwood,943,,1944,3,223,,Active,,,https://www.redfin.com/FL/Jacksonville/6110-Lynnwood-Ave-32210/home/62402933,NEFLMLS,1177148,N,Y,30.2500355,-81.7414606
MLS Listing,,Townhouse,8016 Belsay Cir,Jacksonville,FL,32219,329900,4,2.0,Marieta/Whithse/Baldwin,1635,,2022,3,202,42,Active,,,https://www.redfin.com/FL/Jacksonville/8016-Belsay-Cir-32219/home/180087048,NEFLMLS,1177146,N,Y,30.4095556,-81.786617
MLS Listing,,Single Family Residential,8095 Belsay Cir,Jacksonville,FL,32219,320900,3,2.0,Marieta/Whithse/Baldwin,1505,,2022,3,213,42,Active,,,https://www.redfin.com/FL/Jacksonville/8095-Belsay-Cir-32219/home/180087018,NEFLMLS,1177145,N,Y,30.4088043,-81.786956
MLS Listing,,Single Family Residential,1653 Londonderry Ct,Jacksonville,FL,32210,257900,4,3.0,Hyde Grove Acres,2824,,1961,3,91,,Contingent,,,https://www.redfin.com/FL/Jacksonville/1653-Londonderry-Ct-32210/home/72816064,NEFLMLS,1177144,N,Y,30.289591,-81.7605645
MLS Listing,,Single Family Residential,12648 White Cedar Trl,Jacksonville,FL,32226,369900,3,2.0,Northwoods,1735,,2008,3,213,63,Active,,,https://www.redfin.com/FL/Jacksonville/12648-White-Cedar-Trl-32226/home/108811329,NEFLMLS,1177141,N,Y,30.4654099,-81.5760517
MLS Listing,,Single Family Residential,2056 North Davis St,Jacksonville,FL,32209,300000,3,2.0,Union Investment,1594,,1927,3,188,,Active,,,https://www.redfin.com/FL/Jacksonville/2056-N-Davis-St-32209/home/108491003,NEFLMLS,1177140,N,Y,30.3503661,-81.6673492
MLS Listing,,Single Family Residential,5235 Angel Lake Dr,Jacksonville,FL,32218,698000,6,4.5,Angel Lakes,5073,,2003,3,138,30,Active,,,https://www.redfin.com/FL/Jacksonville/5235-Angel-Lake-Dr-32218/home/180086300,NEFLMLS,1177139,N,Y,30.4602548,-81.7326549
MLS Listing,,Single Family Residential,1384 Kendall Dr,Jacksonville,FL,32211,390000,3,2.0,MILL CREEK EAST,1720,,2017,3,227,49,Active,,,https://www.redfin.com/FL/Jacksonville/1384-Kendall-Dr-32211/home/144381251,NEFLMLS,1176622,N,Y,30.333096,-81.5552078
MLS Listing,,Single Family Residential,7148 Tynan Ave,Jacksonville,FL,32211,389900,4,2.0,Oakwood Villas,1852,,2022,3,211,,Active,,,https://www.redfin.com/FL/Jacksonville/7148-Tynan-Ave-32211/home/170226463,NEFLMLS,1177132,N,Y,30.318339,-81.58306
MLS Listing,,Single Family Residential,7140 Tynan Ave,Jacksonville,FL,32211,389900,4,2.0,Oakwood Villas,1852,,2022,3,211,,Active,,,https://www.redfin.com/FL/Jacksonville/7140-Tynan-Ave-32211/home/170226462,NEFLMLS,1177129,N,Y,30.318471,-81.5831826
MLS Listing,,Single Family Residential,8111 Barley Way,Jacksonville,FL,32222,399000,3,2.0,Oakleaf,1503,,2021,3,265,48,Active,,,https://www.redfin.com/FL/Jacksonville/8111-Barley-Way-32222/home/180085119,NEFLMLS,1177130,N,Y,30.2009745,-81.8336431
PAST SALE,July-20-2009,Single Family Residential,14145 Crestwick Dr East,Jacksonville,FL,32218,320000,4,2.0,Crestwick Crossing,1833,,2004,3,175,25,Pending,,,https://www.redfin.com/FL/Jacksonville/14145-Crestwick-Dr-E-32218/home/62405646,NEFLMLS,1177125,N,Y,30.4947568,-81.6165446
MLS Listing,,Single Family Residential,6919 Kettle Creek Dr,Jacksonville,FL,32222,350000,3,2.0,Plum Tree,1517,,2003,3,231,21,Active,,,https://www.redfin.com/FL/Jacksonville/6919-Kettle-Creek-Dr-32222/home/108885225,NEFLMLS,1177120,N,Y,30.2205736,-81.8232688
MLS Listing,,Condo/Co-op,7801 Point Meadows Dr #2210,Jacksonville,FL,32256,275000,3,2.0,Point Meadows Place,1447,,2003,3,190,312,Active,,,https://www.redfin.com/FL/Jacksonville/7801-Point-Meadows-Dr-32256/unit-2210/home/72802226,NEFLMLS,1177118,N,Y,30.2330166,-81.518527
MLS Listing,,Single Family Residential,12561 White Cedar Trl,Jacksonville,FL,32226,380000,4,2.0,Northwoods,2275,,2006,3,167,63,Active,,,https://www.redfin.com/FL/Jacksonville/12561-White-Cedar-Trl-32226/home/62438827,NEFLMLS,1177116,N,Y,30.4635116,-81.5757089
MLS Listing,,Single Family Residential,3617 Stillman St,Jacksonville,FL,32207,259900,3,2.0,St Nicholas Springs,1145,,1946,3,227,,Active,,,https://www.redfin.com/FL/Jacksonville/3617-Stillman-St-32207/home/72758197,NEFLMLS,1177115,N,Y,30.2986275,-81.6275902
MLS Listing,,Single Family Residential,6395 Timber Cove Ct Ct,Jacksonville,FL,32218,392725,4,2.0,Barrington Cove,2023,,2021,3,194,42,Active,,,https://www.redfin.com/FL/Jacksonville/6395-Timber-Cove-Ct-32218/home/175588201,NEFLMLS,1177109,N,Y,30.4484394,-81.7546749
MLS Listing,,Single Family Residential,8116 Altama Rd,Jacksonville,FL,32216,399900,3,2.0,Holiday Hill,1628,,1969,3,246,,Active,,,https://www.redfin.com/FL/Jacksonville/8116-Altama-Rd-32216/home/108861965,NEFLMLS,1177107,N,Y,30.2985554,-81.5708466
MLS Listing,,Single Family Residential,13840 Asher Cove Ct,Jacksonville,FL,32224,624800,5,4.0,Covenant Cove,2997,,2007,3,208,38,Active,,,https://www.redfin.com/FL/Jacksonville/13840-Asher-Cove-Ct-32224/home/108848824,NEFLMLS,1176493,N,Y,30.2943947,-81.453519
MLS Listing,,Single Family Residential,4214 Sherman Hills Pkwy West,Jacksonville,FL,32210,445000,4,3.5,Blue Lake Estates,2956,,2017,3,151,37,Contingent,,,https://www.redfin.com/FL/Jacksonville/4214-Sherman-Hills-Pkwy-W-32210/home/72807164,NEFLMLS,1177104,N,Y,30.2558535,-81.8399087
MLS Listing,,Single Family Residential,2800 Bastia Ct,Jacksonville,FL,32246,809900,3,2.0,BELLA NIKA AT TAMAYA,2497,,2017,3,324,8,Active,,,https://www.redfin.com/FL/Jacksonville/2800-Bastia-Ct-32246/home/112389677,NEFLMLS,1177098,N,Y,30.2974965,-81.4763428
MLS Listing,,Single Family Residential,1661 Hammock Grove Ln,Jacksonville,FL,32225,450000,4,2.0,Kernan Forest,1914,,2004,3,235,40,Active,,,https://www.redfin.com/FL/Jacksonville/1661-Hammock-Grove-Ln-32225/home/146536003,NEFLMLS,1177097,N,Y,30.3534331,-81.4884169
MLS Listing,,Single Family Residential,10779 Stanton Hills Dr East,Jacksonville,FL,32222,350000,3,2.0,Trails At Bent Creek,1578,,2008,3,222,42,Active,,,https://www.redfin.com/FL/Jacksonville/10779-Stanton-Hills-Dr-E-32222/home/108809489,NEFLMLS,1177096,N,Y,30.2291147,-81.8417537
MLS Listing,,Townhouse,2427 Whispering Woods Blvd #1,Jacksonville,FL,32246,150000,2,2.0,Whispering Woods,816,,1984,3,184,,Active,,,https://www.redfin.com/FL/Jacksonville/2427-Whispering-Woods-Blvd-32246/unit-1/home/108845152,NEFLMLS,1177091,N,Y,30.3051172,-81.5224735
MLS Listing,,Single Family Residential,12501 Eagles Claw Ln,Jacksonville,FL,32225,410000,3,2.0,Eagles Creek,1867,,1997,3,220,14,Active,,,https://www.redfin.com/FL/Jacksonville/12501-Eagles-Claw-Ln-32225/home/108864909,NEFLMLS,1177084,N,Y,30.347405,-81.4847499
MLS Listing,,Condo/Co-op,7208 Cypress Cove Rd #13,Jacksonville,FL,32244,197900,3,2.0,Willow Lakes Condos,1770,,1976,3,112,230,Active,,,https://www.redfin.com/FL/Jacksonville/7208-Cypress-Cove-Rd-32244/unit-13/home/108835980,NEFLMLS,1177065,N,Y,30.215399,-81.743049
MLS Listing,,Single Family Residential,1733 Paine Ave,Jacksonville,FL,32211,225000,3,1.0,Arlington Hills,1456,,1953,3,155,,Active,,,https://www.redfin.com/FL/Jacksonville/1733-Paine-Ave-32211/home/72755876,NEFLMLS,1177060,N,Y,30.3379572,-81.5979604
MLS Listing,,Single Family Residential,1914 Rogero Rd,Jacksonville,FL,32211,214900,3,1.0,Arlington Manor,946,,1954,3,227,,Active,,,https://www.redfin.com/FL/Jacksonville/1914-Rogero-Rd-32211/home/108875915,NEFLMLS,1177055,N,Y,30.3419415,-81.5895339
MLS Listing,,Single Family Residential,7816 Marsala Ct,Jacksonville,FL,32244,405000,4,2.0,Ortega Bluff,1783,,2003,3,227,21,Active,,,https://www.redfin.com/FL/Jacksonville/7816-Marsala-Ct-32244/home/58716081,NEFLMLS,1177056,N,Y,30.2097769,-81.7156819
MLS Listing,,Single Family Residential,5011 East Romilly Dr,Jacksonville,FL,32210,250000,3,2.0,Oak Hill Terrace,1522,,1960,3,164,,Active,,,https://www.redfin.com/FL/Jacksonville/5011-E-Romilly-Dr-32210/home/108814692,NEFLMLS,1177049,N,Y,30.2512658,-81.7453502
MLS Listing,,Single Family Residential,7220 Crescent Oaks Ct,Jacksonville,FL,32277,399000,3,3.0,Scarlett Oaks,2129,,1991,3,187,25,Active,,,https://www.redfin.com/FL/Jacksonville/7220-Crescent-Oaks-Ct-32277/home/72754029,NEFLMLS,1176387,N,Y,30.3669272,-81.5788789
MLS Listing,,Townhouse,6423 Shortleaf Pl,Jacksonville,FL,32244,185000,2,2.5,Pine Ridge,1268,,2006,3,146,188,Active,,,https://www.redfin.com/FL/Jacksonville/6423-Shortleaf-Pl-32244/home/108832039,NEFLMLS,1177047,N,Y,30.2330167,-81.7365118
MLS Listing,,Single Family Residential,9292 Dale View Ln East,Jacksonville,FL,32225,380000,3,2.0,Merrill Hills,1895,,1997,3,201,20,Active,,,https://www.redfin.com/FL/Jacksonville/9292-Dale-View-Ln-E-32225/home/58719036,NEFLMLS,1177043,N,Y,30.3491399,-81.5447515
MLS Listing,,Single Family Residential,1414 Brandemere Ct,Jacksonville,FL,32211,225000,2,1.0,Arlington Manor,921,,1953,3,244,,Active,,,https://www.redfin.com/FL/Jacksonville/1414-Brandemere-Ct-W-32211/home/72763302,NEFLMLS,1177042,N,Y,30.3364525,-81.5857111
MLS Listing,,Single Family Residential,13614 Marsh Estate Ct,Jacksonville,FL,32225,1190000,6,3.5,QUEENS HARBOUR YACHT AND CC,4180,,1998,3,285,,Active,,,https://www.redfin.com/FL/Jacksonville/13614-Marsh-Estate-Ct-32225/home/62396780,NEFLMLS,1177041,N,Y,30.3529791,-81.4527681
MLS Listing,,Townhouse,4139 Piney Branch Ct,Jacksonville,FL,32257,300000,3,2.0,Raintree,1476,,1984,3,203,182,Active,,,https://www.redfin.com/FL/Jacksonville/4139-Piney-Branch-Ct-32257/home/58719810,NEFLMLS,1177038,N,Y,30.1930894,-81.6069533
MLS Listing,,Single Family Residential,1741 11th St,Jacksonville,FL,32209,115000,4,1.0,North Lavilla,1133,,1959,3,102,,Active,,,https://www.redfin.com/FL/Jacksonville/1741-W-11th-St-32209/home/108853629,NEFLMLS,1177037,N,Y,30.3500851,-81.6851996
MLS Listing,,Single Family Residential,1060 Prospect St,Jacksonville,FL,32254,130000,3,1.0,Easterville,924,,1964,3,141,,Active,,,https://www.redfin.com/FL/Jacksonville/1060-Prospect-St-32254/home/58721532,NEFLMLS,1177031,N,Y,30.3387705,-81.7212403
MLS Listing,,Condo/Co-op,7740 Southside Blvd #2602,Jacksonville,FL,32256,150000,2,2.0,Sonoma Southside,1310,,1986,3,115,307,Active,,,https://www.redfin.com/FL/Jacksonville/7740-Southside-Blvd-32256/unit-2602/home/58757525,NEFLMLS,1177027,N,Y,30.2305359,-81.5584001
MLS Listing,,Single Family Residential,1419 Belvedere Ave,Jacksonville,FL,32205,469900,3,1.0,Avondale,1567,,1924,3,300,,Active,,,https://www.redfin.com/FL/Jacksonville/1419-Belvedere-Ave-32205/home/58721367,NEFLMLS,1177026,N,Y,30.3054182,-81.7045639
MLS Listing,,Single Family Residential,2113 Fairway Villas Ln South,Atlantic Beach,FL,32233,425000,3,1.5,Fairway Villas,1057,,1985,3,402,,Active,,,https://www.redfin.com/FL/Atlantic-Beach/2113-Fairway-Villas-Ln-S-32233/home/58737286,NEFLMLS,1177024,N,Y,30.344658,-81.4125089
MLS Listing,,Single Family Residential,4628 Clapboard Crossing Way,Jacksonville,FL,32226,395030,4,3.0,BRADLEY POND,2037,,2022,3,194,69,Active,,,https://www.redfin.com/FL/Jacksonville/4628-Clapboard-Crossing-Way-32226/home/180065749,NEFLMLS,1177021,N,Y,30.4612797,-81.5422647
MLS Listing,,Single Family Residential,212 Brookchase Ln West,Jacksonville,FL,32225,429900,3,2.0,Springbrook,2072,,2003,3,207,42,Active,,,https://www.redfin.com/FL/Jacksonville/212-Brookchase-Ln-W-32225/home/58736408,NEFLMLS,1177013,N,Y,30.3221779,-81.4814687
MLS Listing,,Single Family Residential,3058 Plum St,Jacksonville,FL,32205,279900,2,1.0,Central Add Riversid,1015,,1946,3,276,,Active,,,https://www.redfin.com/FL/Jacksonville/3058-Plum-St-32205/home/62403408,NEFLMLS,1177010,N,Y,30.3145384,-81.7073008
MLS Listing,,Single Family Residential,8710 Maxville Blvd,Jacksonville,FL,32234,255000,3,2.0,Metes & Bounds,1764,,1958,3,145,,Active,,,https://www.redfin.com/FL/Jacksonville/8710-Maxville-Blvd-32234/home/108850923,NEFLMLS,1176966,N,Y,30.1961377,-82.012081
MLS Listing,,Single Family Residential,8192 Guild Way,Jacksonville,FL,32222,410000,3,2.5,MEADOWS AT OAKLEAF,2091,,2021,3,196,33,Active,,,https://www.redfin.com/FL/Jacksonville/8192-Guild-Way-32222/home/174141045,NEFLMLS,1176270,N,Y,30.1998953,-81.83517
MLS Listing,,Single Family Residential,4609 Harvest Grain Trl,Jacksonville,FL,32226,380310,3,2.5,BRADLEY POND,1849,,2022,3,206,69,Active,,,https://www.redfin.com/FL/Jacksonville/4609-Harvest-Grain-Trl-32226/home/180065277,NEFLMLS,1177007,N,Y,30.462513,-81.544159
MLS Listing,,Single Family Residential,5577 Mariners Cove Dr,Jacksonville,FL,32210,273000,3,2.0,Mariners Cove,1402,,1984,3,195,,Active,,,https://www.redfin.com/FL/Jacksonville/5577-Mariners-Cove-Dr-32210/home/108792912,NEFLMLS,1177001,N,Y,30.2576,-81.7308595
MLS Listing,,Single Family Residential,815 Glendale Ln,Orange Park,FL,32065,295000,3,2.0,Forest Hammock,1294,,2013,3,228,40,Active,,,https://www.redfin.com/FL/Orange-Park/815-Glendale-Ln-32065/home/62462517,NEFLMLS,1176882,N,Y,30.187149,-81.8523815
MLS Listing,,Single Family Residential,3767 Hermitage Rd East,Jacksonville,FL,32277,399000,4,2.5,Cove St Johns,1794,,1986,3,222,,Active,,,https://www.redfin.com/FL/Jacksonville/3767-Hermitage-Rd-E-32277/home/108261236,NEFLMLS,1176997,N,Y,30.3682847,-81.5815562
MLS Listing,,Single Family Residential,4603 Harvest Grain Trl,Jacksonville,FL,32226,366310,3,2.5,BRADLEY POND,1903,,2022,3,192,69,Active,,,https://www.redfin.com/FL/Jacksonville/4603-Harvest-Grain-Trl-32226/home/180064667,NEFLMLS,1176996,N,Y,30.462513,-81.544159
MLS Listing,,Single Family Residential,12056 Cabana Rd,Jacksonville,FL,32256,551548,4,3.0,WELLS CREEK,2260,,2022,3,244,55,Active,,,https://www.redfin.com/FL/Jacksonville/12056-Cabana-Rd-32256/home/180064651,NEFLMLS,1176995,N,Y,30.1415987,-81.490435
MLS Listing,,Single Family Residential,11994 Elderbank Dr,Jacksonville,FL,32256,524645,5,3.0,WELLS CREEK,2360,,2023,3,222,55,Active,,,https://www.redfin.com/FL/Jacksonville/11994-Elderbank-Dr-32256/home/180064602,NEFLMLS,1176993,N,Y,30.1415223,-81.4919672
MLS Listing,,Single Family Residential,8718 Haverhill St,Jacksonville,FL,32211,321500,4,,Arlingwood,1707,,1969,3,188,,Active,,,https://www.redfin.com/FL/Jacksonville/8718-Haverhill-St-32211/home/72756776,NEFLMLS,1176992,N,Y,30.3413833,-81.5623635
MLS Listing,,Single Family Residential,736 Valley Forge Rd,Jacksonville,FL,32208,224900,5,2.0,Lake Forest Manor,1468,,1950,3,153,,Active,,,https://www.redfin.com/FL/Jacksonville/736-Valley-Forge-Rd-32208/home/62445971,NEFLMLS,1176991,N,Y,30.3933886,-81.6654666
MLS Listing,,Single Family Residential,12000 Elderbank Dr,Jacksonville,FL,32256,509250,3,2.5,WELLS CREEK,2054,,2023,3,248,55,Active,,,https://www.redfin.com/FL/Jacksonville/12000-Elderbank-Dr-32256/home/180064462,NEFLMLS,1176990,N,Y,30.1416471,-81.4918641
MLS Listing,,Single Family Residential,9729 Lovage Ln,Jacksonville,FL,32219,305485,4,3.0,HIGHLAND CHASE,2032,,2022,3,150,42,Active,,,https://www.redfin.com/FL/Jacksonville/9729-Lovage-Ln-32219/home/180064427,NEFLMLS,1176987,N,Y,30.4024252,-81.8252903
MLS Listing,,Single Family Residential,12019 Cabana Rd,Jacksonville,FL,32256,424132,3,2.0,WELLS CREEK,1360,,2023,3,312,55,Active,,,https://www.redfin.com/FL/Jacksonville/12019-Cabana-Rd-32256/home/180064406,NEFLMLS,1176986,N,Y,30.1414847,-81.4912748
MLS Listing,,Single Family Residential,4910 N Rhode Island Dr,JACKSONVILLE,FL,32209,85000,3,1.5,LINCOLN ESTATES,1290,8245,1959,3,66,,Active,,,https://www.redfin.com/FL/Jacksonville/4910-Rhode-Island-Dr-N-32209/home/72727468,Stellar MLS,GC506300,N,Y,30.3863188,-81.7234314
PAST SALE,,Townhouse,981 Observatory Pkwy,Jacksonville,FL,32218,245990,2,2.5,CAPITOL PARK EAST,1210,,2021,1,203,87,Pending,,,https://www.redfin.com/FL/Jacksonville/981-Observatory-Pkwy-32218/home/180064232,NEFLMLS,1176982,N,Y,30.4727777,-81.6050191
MLS Listing,,Single Family Residential,5665 Gilchrist Rd,Jacksonville,FL,32219,299900,4,2.0,Carter Donation,2052,,1966,3,146,,Contingent,,,https://www.redfin.com/FL/Jacksonville/5665-Gilchrist-Rd-32219/home/62463104,NEFLMLS,1176975,N,Y,30.4099978,-81.7346641
MLS Listing,,Single Family Residential,30044 Trophy Trl,Bryceville,FL,32009,348000,4,2.0,Buckhead,1676,,2013,3,208,20,Active,,,https://www.redfin.com/FL/Bryceville/30044-Trophy-Trl-32009/home/139476916,NEFLMLS,1176976,N,Y,30.4418691,-81.8607248
PAST SALE,,Townhouse,985 Observatory Pkwy,Jacksonville,FL,32218,245890,2,2.5,CAPITOL PARK EAST,1210,,2021,1,203,87,Pending,,,https://www.redfin.com/FL/Jacksonville/985-Observatory-Pkwy-32218/home/180064119,NEFLMLS,1176979,N,Y,30.4726902,-81.6050736
MLS Listing,,Single Family Residential,12018 Elderbank Dr,Jacksonville,FL,32256,425606,3,2.0,WELLS CREEK,1360,,2023,3,313,55,Active,,,https://www.redfin.com/FL/Jacksonville/12018-Elderbank-Dr-32256/home/180063943,NEFLMLS,1176972,N,Y,30.1418761,-81.4915332
MLS Listing,,Single Family Residential,8583 Lake Marietta Dr South,Jacksonville,FL,32220,399000,3,2.0,Lake Marietta,1340,,1980,3,298,,Active,,,https://www.redfin.com/FL/Jacksonville/8583-Lake-Marietta-Dr-S-32220/home/72812717,NEFLMLS,1176967,N,Y,30.3267072,-81.7951268
MLS Listing,,Single Family Residential,11418 Courtney Waters Ln,JACKSONVILLE,FL,32258,399000,3,2.0,OUT OF COUNTY,1396,101494,1999,3,286,125,Active,,,https://www.redfin.com/FL/Jacksonville/11418-Courtney-Waters-Ln-32258/home/108827326,Stellar MLS,FC280003,N,Y,30.16733,-81.588227
MLS Listing,,Single Family Residential,6969 Loves Dr,Jacksonville,FL,32222,199999,3,2.0,Jax Heights,1270,,1971,3,157,,Active,,,https://www.redfin.com/FL/Jacksonville/6969-Loves-Dr-32222/home/72819901,NEFLMLS,1176951,N,Y,30.2206031,-81.808708
MLS Listing,,Mobile/Manufactured Home,2143 Glen Gardner Dr,Jacksonville,FL,32246,265000,3,2.0,Southside,1984,,2002,3,134,,Active,,,https://www.redfin.com/FL/Jacksonville/2143-Glen-Gardner-Dr-32246/home/108834566,NEFLMLS,1176949,N,Y,30.3119423,-81.5344736
MLS Listing,,Single Family Residential,9653 Lemon Grass Ln,Jacksonville,FL,32219,365000,4,3.0,HIGHLAND CHASE,2006,,2021,3,182,42,Active,,,https://www.redfin.com/FL/Jacksonville/9846-Old-Baymeadows-Rd-32256/home/173637850,NEFLMLS,1176113,N,Y,30.220298,-81.554243
MLS Listing,,Single Family Residential,2119 Bourget Dr,Jacksonville,FL,32210,400000,5,3.0,Normandy Village,1974,,1959,3,203,,Active,,,https://www.redfin.com/FL/Jacksonville/2119-Bourget-Dr-32210/home/72815236,NEFLMLS,1176940,N,Y,30.2797204,-81.7859883
MLS Listing,,Condo/Co-op,10435 Midtown Pkwy #126,Jacksonville,FL,32246,265000,2,2.0,Esplanade At Town Center,1113,,2006,3,238,359,Active,,,https://www.redfin.com/FL/Jacksonville/10435-Mid-Town-Pkwy-32246/unit-126/home/62474747,NEFLMLS,1176942,N,Y,30.2589286,-81.523556
MLS Listing,,Townhouse,8836 Shell Island Dr,Jacksonville,FL,32216,250000,2,2.5,Villages Of Summer Lakes,1426,,2005,3,175,133,Active,,,https://www.redfin.com/FL/Jacksonville/8836-Shell-Island-Dr-32216/home/62414068,NEFLMLS,1176935,N,Y,30.3021606,-81.5645165
PAST SALE,,Single Family Residential,6039 Bucking Bronco Dr,Jacksonville,FL,32234,300990,3,2.0,Winchester Ridge,1655,,2021,1,182,5,Pending,,,https://www.redfin.com/FL/Jacksonville/6039-Bucking-Bronco-Dr-32234/home/180062247,NEFLMLS,1176934,N,Y,30.2055779,-81.9640884
MLS Listing,,Single Family Residential,4971 Scenic Marsh Ct,Jacksonville,FL,32226,1700000,6,5.5,Timucuana Bluff,5589,,2000,3,304,117,Active,,,https://www.redfin.com/FL/Jacksonville/4971-Scenic-Marsh-Ct-32226/home/58711143,NEFLMLS,1176918,N,Y,30.4117926,-81.515732
MLS Listing,,Single Family Residential,54 East 59th St,Jacksonville,FL,32208,399900,4,3.0,Panama Gardens,1456,,1968,3,275,,Active,,,https://www.redfin.com/FL/Jacksonville/54-E-59th-St-32208/home/72831101,NEFLMLS,1176912,N,Y,30.381397,-81.6485209
MLS Listing,,Single Family Residential,5530 Oak Crossing Dr,Jacksonville,FL,32244,250000,3,2.0,Ortega Crossing,1360,,1996,3,184,54,Active,,,https://www.redfin.com/FL/Jacksonville/5530-Oak-Crossing-Dr-32244/home/108875129,NEFLMLS,1176777,N,Y,30.1975627,-81.7250026
MLS Listing,,Single Family Residential,4035 Schirra Dr,Jacksonville,FL,32277,330000,3,2.0,University Park,1707,,1965,3,193,,Active,,,https://www.redfin.com/FL/Jacksonville/4035-Schirra-Dr-32277/home/58823382,NEFLMLS,1176896,N,Y,30.3748689,-81.604641
MLS Listing,,Single Family Residential,4268 Heath Rd,Jacksonville,FL,32277,499999,4,3.0,Fort Caroline Shores,2353,,1979,3,212,,Active,,,https://www.redfin.com/FL/Jacksonville/4268-Heath-Rd-32277/home/72754575,NEFLMLS,1176889,N,Y,30.3772897,-81.5887951
MLS Listing,,Single Family Residential,12442 Glimmer Way,Jacksonville,FL,32219,437000,5,3.0,Villages Of Westport,2508,,2017,3,174,7,Active,,,https://www.redfin.com/FL/Jacksonville/12442-Glimmer-Way-32219/home/72808649,NEFLMLS,1176887,N,Y,30.4637869,-81.7597526
MLS Listing,,Condo/Co-op,7226 Deerfoot Cir #3,Jacksonville,FL,32256,259900,3,2.5,Deerfoot Point,1597,,2006,3,163,392,Contingent,,,https://www.redfin.com/FL/Jacksonville/7226-Deerfoot-Cir-32256/unit-3/home/180060907,NEFLMLS,1176886,N,Y,30.2430855,-81.5967506
MLS Listing,,Townhouse,7841 Merchants Way,Jacksonville,FL,32222,295000,3,2.5,MEADOWS AT OAKLEAF,1368,,2021,3,216,229,Active,,,https://www.redfin.com/FL/Jacksonville/7841-Merchants-Way-32222/home/178518585,NEFLMLS,1176883,N,Y,30.2075235,-81.8323738
MLS Listing,,Single Family Residential,10885 Peaceful Harbor Dr,Jacksonville,FL,32218,525000,3,2.0,Bay Harbour,2359,,2001,3,223,25,Active,,,https://www.redfin.com/FL/Jacksonville/10885-Peaceful-Harbor-Dr-32218/home/108878420,NEFLMLS,1176881,N,Y,30.4350379,-81.6409882
MLS Listing,,Single Family Residential,8427 Chason Rd West,Jacksonville,FL,32244,334900,4,2.0,Argyle Forest,1802,,1986,3,186,37,Active,,,https://www.redfin.com/FL/Jacksonville/8427-Chason-Rd-W-32244/home/58726856,NEFLMLS,1176879,N,Y,30.1936894,-81.79077
MLS Listing,,Single Family Residential,1762 Tall Tree Dr East,Jacksonville,FL,32246,650000,4,3.0,The Woods,2401,,2017,3,271,137,Active,,,https://www.redfin.com/FL/Jacksonville/1762-Tall-Tree-Dr-E-32246/home/72786806,NEFLMLS,1175460,N,Y,30.3157541,-81.4584319
MLS Listing,,Single Family Residential,15343 Spotted Stallion Trl,Jacksonville,FL,32234,272000,3,2.0,Winchester Ridge,1558,,2011,3,175,11,Active,,,https://www.redfin.com/FL/Jacksonville/15343-Spotted-Stallion-Trl-32234/home/62464685,NEFLMLS,1176876,N,Y,30.2094323,-81.9541872
MLS Listing,,Single Family Residential,2780 Dellwood Ave,Jacksonville,FL,32205,300000,3,2.0,Riverside Heights,1018,,1930,3,295,,Contingent,,,https://www.redfin.com/FL/Jacksonville/2780-Dellwood-Ave-32205/home/72736536,NEFLMLS,1176871,N,Y,30.3164103,-81.6987476
PAST SALE,July-14-2006,Single Family Residential,2871 Sutton Estates Cir North,Jacksonville,FL,32223,327000,3,2.0,Sutton Grove,1499,,1994,2,218,25,Pending,,,https://www.redfin.com/FL/Jacksonville/2871-Sutton-Estates-Cir-N-32223/home/108893349,NEFLMLS,1176866,N,Y,30.1488336,-81.6356593
MLS Listing,,Single Family Residential,53 West 10th St,Jacksonville,FL,32206,425000,3,2.0,Springfield,1972,,1935,3,216,,Contingent,,,https://www.redfin.com/FL/Jacksonville/53-W-10th-St-32206/home/72738934,NEFLMLS,1176865,N,Y,30.3487344,-81.6551113
MLS Listing,,Single Family Residential,234 West 6th St,Jacksonville,FL,32206,325000,3,2.5,Springfield,2436,,1924,3,133,,Active,,,https://www.redfin.com/FL/Jacksonville/234-W-6th-St-32206/home/108898610,NEFLMLS,1176864,N,Y,30.3432023,-81.6581068
MLS Listing,,Single Family Residential,1003 Greenridge Rd,Jacksonville,FL,32207,1749000,4,3.5,Colonial Manor,4439,,1979,3,394,,Active,,,https://www.redfin.com/FL/Jacksonville/1003-Greenridge-Rd-32207/home/72741431,NEFLMLS,1176862,N,Y,30.2858969,-81.6568872
MLS Listing,,Single Family Residential,1515 Yukon St,Jacksonville,FL,32205,335000,3,1.0,Fehrenbachs,1092,,1958,3,307,,Active,,,https://www.redfin.com/FL/Jacksonville/1515-Yukon-St-32205/home/108856148,NEFLMLS,1176858,N,Y,30.296091,-81.717606
MLS Listing,,Single Family Residential,10292 Pavnes Creek Dr,Jacksonville,FL,32222,409000,3,2.0,Longleaf,2126,,2019,3,192,63,Active,,,https://www.redfin.com/FL/Jacksonville/10292-Pavnes-Creek-Dr-32222/home/170221977,NEFLMLS,1176513,N,Y,30.2214113,-81.8307161
MLS Listing,,Single Family Residential,1458 Murray Dr,Jacksonville,FL,32205,250000,3,2.0,Highland Park,1287,,1941,3,194,,Contingent,,,https://www.redfin.com/FL/Jacksonville/1458-Murray-Dr-32205/home/62406801,NEFLMLS,1176079,N,Y,30.294015,-81.7264989
MLS Listing,,Single Family Residential,4539 Astral St,Jacksonville,FL,32205,315000,3,1.5,Murray Hill,1401,,1937,3,225,,Active,,,https://www.redfin.com/FL/Jacksonville/4539-Astral-St-32205/home/62414960,NEFLMLS,1175552,N,Y,30.308446,-81.723378
MLS Listing,,Single Family Residential,13117 Chets Creek Dr North,Jacksonville,FL,32224,485000,3,2.0,Johns Creek,1952,,1995,3,248,30,Contingent,,,https://www.redfin.com/FL/Jacksonville/13117-Chets-Creek-Dr-N-32224/home/62456240,NEFLMLS,1176317,N,Y,30.2709742,-81.4711738
MLS Listing,,Single Family Residential,11919 Seabury Pl,Jacksonville,FL,32246,200000,3,1.0,Alden Trace,1198,,1984,2,167,,Contingent,,,https://www.redfin.com/FL/Jacksonville/11919-Seabury-Pl-32246/home/72784809,NEFLMLS,1176522,N,Y,30.3028159,-81.510973
MLS Listing,,Single Family Residential,6423 Terry Parker Dr North,Jacksonville,FL,32211,225000,3,1.5,Arlington Hills,1160,,1954,3,194,,Active,,,https://www.redfin.com/FL/Jacksonville/6423-Terry-Parker-Dr-N-32211/home/62408404,NEFLMLS,1175992,N,Y,30.342549,-81.5908081
MLS Listing,,Condo/Co-op,7156 Deerfoot Point Cir Unit 6-1,Jacksonville,FL,32256,250000,3,2.5,Deerfoot Point,1557,,2006,3,161,386,Contingent,,,https://www.redfin.com/FL/Jacksonville/7156-Deerfoot-Cir-32256/unit-6-1/home/58756255,NEFLMLS,1175461,N,Y,30.2427111,-81.5951017
MLS Listing,,Single Family Residential,12245 Tracy Ann Rd,Jacksonville,FL,32223,1050000,4,4.5,Mandarin,3482,,2015,3,302,,Active,,,https://www.redfin.com/FL/Jacksonville/12245-Tracy-Ann-Rd-32223/home/108860649,NEFLMLS,1174612,N,Y,30.1487429,-81.6005412
MLS Listing,,Single Family Residential,12016 Nogoya St,Jacksonville,FL,32256,479990,3,2.5,WELLS CREEK,2053,,2020,3,234,55,Active,,,https://www.redfin.com/FL/Jacksonville/12016-Nogoya-St-32256/home/174150505,NEFLMLS,1175602,N,Y,30.1320896,-81.4873018
PAST SALE,December-7-2012,Single Family Residential,3699 Sea Hawk St East,Jacksonville,FL,32224,410000,3,2.0,Danforth,1609,,1999,1,255,35,Pending,,,https://www.redfin.com/FL/Jacksonville/3699-Sea-Hawk-St-E-32224/home/58721967,NEFLMLS,1174904,N,Y,30.2783028,-81.4546561
MLS Listing,,Single Family Residential,3796 Casitas Dr,Jacksonville,FL,32224,529000,3,2.5,Vizcaya,2075,,2013,3,255,280,Active,,,https://www.redfin.com/FL/Jacksonville/3796-Casitas-Dr-32224/home/58715645,NEFLMLS,1176598,N,Y,30.2837995,-81.4600379
MLS Listing,,Single Family Residential,10120 Whippoorwill Ln,Jacksonville,FL,32256,1689000,5,5.5,Deerwood,5500,,1968,3,307,220,Active,,,https://www.redfin.com/FL/Jacksonville/10120-Whippoorwill-Ln-32256/home/58715653,NEFLMLS,1175724,N,Y,30.2271063,-81.5492941
MLS Listing,,Single Family Residential,12396 Kiwi Ct,Jacksonville,FL,32225,525000,5,2.5,Summerbrook,3582,,2004,4,147,42,Active,,,https://www.redfin.com/FL/Jacksonville/12396-Kiwi-Ct-32225/home/62436110,NEFLMLS,1176136,N,Y,30.3233715,-81.4846855
MLS Listing,,Multi-Family (2-4 Unit),2213 Evergreen Ave,Jacksonville,FL,32206,359000,6,2.0,Richardsons,2736,,1916,4,131,,Active,,,https://www.redfin.com/FL/Jacksonville/2213-Evergreen-Ave-32206/home/108838596,NEFLMLS,1176850,N,Y,30.350913,-81.6430427
MLS Listing,,Mobile/Manufactured Home,1261 Jones Rd,Jacksonville,FL,32220,300000,4,2.0,Marietta,1612,,1990,4,186,,Active,,,https://www.redfin.com/FL/Jacksonville/1261-Jones-Rd-32220/home/72812196,NEFLMLS,1176849,N,Y,30.3375669,-81.8042239
MLS Listing,,Single Family Residential,5262 Alloaks Ct,Jacksonville,FL,32258,415000,3,2.0,Julington Forest,1643,,1983,4,253,,Contingent,,,https://www.redfin.com/FL/Jacksonville/5262-Alloaks-Ct-32258/home/62430604,NEFLMLS,1176847,N,Y,30.1352474,-81.5679761
MLS Listing,,Multi-Family (2-4 Unit),3112 Riverside Ave,Jacksonville,FL,32205,750000,5,4.0,Pinehurst,3090,,1921,4,243,,Active,,,https://www.redfin.com/FL/Jacksonville/3112-Riverside-Ave-32205/home/180051676,NEFLMLS,1176845,N,Y,30.301817,-81.6985766
MLS Listing,,Single Family Residential,7006 Bartram Cove Pkwy,Jacksonville,FL,32258,454000,3,2.0,Bartram Park Preserve,1632,,2019,4,278,63,Active,,,https://www.redfin.com/FL/Jacksonville/7006-Bartram-Cove-Pkwy-32258/home/148544781,NEFLMLS,1176843,N,Y,30.107919,-81.521279
MLS Listing,,Condo/Co-op,13810 Sutton Park Dr North #734,Jacksonville,FL,32224,195000,1,1.0,Grand Reserve Condo,885,,1997,4,220,241,Active,,,https://www.redfin.com/FL/Jacksonville/13810-Sutton-Park-Dr-N-32224/unit-734/home/72802068,NEFLMLS,1176841,N,Y,30.261886,-81.4617999
MLS Listing,,Townhouse,290 Annies Pl,Jacksonville,FL,32218,285060,3,2.5,ANNIES WALK,1373,,2022,4,208,154,Active,,,https://www.redfin.com/FL/Jacksonville/290-Annies-Pl-32218/home/180052185,NEFLMLS,1176840,N,Y,30.4737537,-81.6248406
MLS Listing,,Vacant Land,4590 Julington Creek Rd,Jacksonville,FL,32258,450000,,,Hoods,,,,4,,,Active,,,https://www.redfin.com/FL/Jacksonville/4590-Julington-Creek-Rd-32258/home/180051955,NEFLMLS,1176617,N,Y,30.1363192,-81.5867375
MLS Listing,,Single Family Residential,15837 Dallas Creek Ct,Jacksonville,FL,32218,364900,3,2.0,Bainebridge Estates,2086,,2009,4,175,13,Active,,,https://www.redfin.com/FL/Jacksonville/15837-Dallas-Creek-Ct-32218/home/62431635,NEFLMLS,1176834,N,Y,30.5240906,-81.6442167
MLS Listing,,Single Family Residential,5436 Heckscher Dr,Jacksonville,FL,32226,1250500,3,4.0,Heckscher Dr Estates,3600,,1999,4,347,,Active,,,https://www.redfin.com/FL/Jacksonville/5436-Heckscher-Dr-32226/home/62414560,NEFLMLS,1176315,N,Y,30.4151413,-81.5266685
MLS Listing,,Townhouse,294 Annies Pl,Jacksonville,FL,32218,285460,3,2.5,ANNIES WALK,1373,,2022,4,208,154,Active,,,https://www.redfin.com/FL/Jacksonville/294-Annies-Pl-32218/home/180050551,NEFLMLS,1176829,N,Y,30.4737537,-81.6248406
MLS Listing,,Single Family Residential,2921 Loran Dr West,Jacksonville,FL,32216,274900,3,2.0,Loran Estates,1104,,1962,4,249,,Active,,,https://www.redfin.com/FL/Jacksonville/2921-Loran-Dr-W-32216/home/72771956,NEFLMLS,1176827,N,Y,30.2715107,-81.6051548
MLS Listing,,Single Family Residential,10351 Belmont Stakes Ct,Jacksonville,FL,32257,479900,4,2.5,Lexington Place,2398,,1992,4,200,13,Active,,,https://www.redfin.com/FL/Jacksonville/10351-Belmont-Stakes-Ct-32257/home/62464784,NEFLMLS,1176826,N,Y,30.1870846,-81.5859155
MLS Listing,,Single Family Residential,16096 Blossom Lake Dr,Jacksonville,FL,32218,349900,3,2.0,Bainebridge Estates,1548,,2016,4,226,13,Active,,,https://www.redfin.com/FL/Jacksonville/16096-Blossom-Lake-Dr-32218/home/110283256,NEFLMLS,1176825,N,Y,30.5305567,-81.640603
MLS Listing,,Single Family Residential,6930 Rollo Rd,Jacksonville,FL,32205,249900,3,2.0,Normandy,1478,,1957,4,169,,Active,,,https://www.redfin.com/FL/Jacksonville/6930-Rollo-Rd-32205/home/108854796,NEFLMLS,1176815,N,Y,30.3087445,-81.7620601
MLS Listing,,Single Family Residential,4910 Rhode Island Ct,JACKSONVILLE,FL,32209,115000,3,1.0,LINCOLN ESTATES,1031,12027,1963,4,112,,Active,,,https://www.redfin.com/FL/Jacksonville/4910-Rhode-Island-Ct-32209/home/62144781,Stellar MLS,T3382808,N,Y,30.3830865,-81.7226939
MLS Listing,,Single Family Residential,8905 Ricardo Ln,Jacksonville,FL,32216,220000,3,1.0,Azalea Terrace,880,,1954,4,250,,Contingent,,,https://www.redfin.com/FL/Jacksonville/8905-Ricardo-Ln-32216/home/72762976,NEFLMLS,1176798,N,Y,30.2927125,-81.5634775
MLS Listing,,Single Family Residential,6998 Delisle Dr,Jacksonville,FL,32244,189900,3,1.0,Oak Hill,1040,,1961,4,183,,Active,,,https://www.redfin.com/FL/Jacksonville/6998-Delisle-Dr-32244/home/108791555,NEFLMLS,1176797,N,Y,30.2430465,-81.7597953
MLS Listing,,Multi-Family (2-4 Unit),1530 Mt Herman St,Jacksonville,FL,32209,249900,6,3.0,Stewarts Addn To Jax,1890,,1914,4,132,,Active,,,https://www.redfin.com/FL/Jacksonville/1530-Mt-Herman-St-32209/home/58769454,NEFLMLS,1176796,N,Y,30.3436255,-81.6694564
PAST SALE,June-27-2014,Single Family Residential,14512 Pablo Ter,JACKSONVILLE,FL,32224,799000,3,2.5,OUT OF COUNTY,2220,19602,1981,3,360,,Pending,,,https://www.redfin.com/FL/Jacksonville/14512-Pablo-Ter-32224/home/62466315,Stellar MLS,FC278760,N,Y,30.2933935,-81.4344867
MLS Listing,,Single Family Residential,13350 Beall Ave,Jacksonville,FL,32218,262000,3,1.0,Oceanway Manor,1375,,1960,4,191,,Active,,,https://www.redfin.com/FL/Jacksonville/13350-Beall-Ave-32218/home/72751993,NEFLMLS,1175541,N,Y,30.4794905,-81.6229238
MLS Listing,,Single Family Residential,7600 Windward Way West,Jacksonville,FL,32256,779000,5,3.5,Deerwood,2837,,1973,4,275,200,Active,,,https://www.redfin.com/FL/Jacksonville/7600-Windward-Way-W-32256/home/72766398,NEFLMLS,1176787,N,Y,30.2349874,-81.5511154
MLS Listing,,Single Family Residential,2974 Captiva Bluff Ct,Jacksonville,FL,32226,399999,3,2.5,Captiva Bluff,2636,,2003,4,152,28,Active,,,https://www.redfin.com/FL/Jacksonville/2974-Captiva-Bluff-Ct-32226/home/62428373,NEFLMLS,1176784,N,Y,30.4561745,-81.5841691
MLS Listing,,Condo/Co-op,3591 Kernan Blvd #409,Jacksonville,FL,32224,230000,3,2.0,Avanti,1301,,2005,4,177,420,Active,,,https://www.redfin.com/FL/Jacksonville/3591-Kernan-Blvd-S-32224/unit-409/home/108829150,NEFLMLS,1176783,N,Y,30.2837684,-81.4881502
MLS Listing,,Single Family Residential,7587 Rock Brook Dr,Jacksonville,FL,32222,399900,3,2.0,Longleaf,2126,,2021,4,188,63,Active,,,https://www.redfin.com/FL/Jacksonville/7587-Rock-Brook-Dr-32222/home/178518710,NEFLMLS,1176782,N,Y,30.205746,-81.825835
MLS Listing,,Single Family Residential,7262 San Pedro Rd,Jacksonville,FL,32217,2700000,6,5.0,Worths San Jose,5888,,1965,4,459,,Active,,,https://www.redfin.com/FL/Jacksonville/7262-San-Pedro-Rd-32217/home/58713196,NEFLMLS,1176769,N,Y,30.2438929,-81.6314857
MLS Listing,,Condo/Co-op,1200 Bretta St #31,Jacksonville,FL,32211,85000,2,1.5,Teakwood Villas,1056,,1970,4,80,425,Active,,,https://www.redfin.com/FL/Jacksonville/1200-Bretta-St-32211/unit-31/home/108796244,NEFLMLS,1176766,N,Y,30.3329864,-81.6061826
